discomfort,Glare_diagram,describe,Experiment,participant,ev,edir,eindir,log_gc,dgp,cgi,dgi,dgi_mod,av_lum,med_lum,ugr,ugp,ugr_exp,av_lum_cie,,,,,,,,,,
No,1,Noticeable,1,1,450.473897,346.917678,103.5562181,0.726827896,0.253165619,27.80164481,19.46377122,18.61642785,95.433128,11.952763,27.83110194,0.652457678,18.63152294,143.3902949,,,,,,,,,,
No,0,Noticeable,1,1,833.256133,657.510459,175.7456725,0.435056961,0.248850364,27.54369786,18.38417537,17.46848815,204.309533,30.529128,26.78688862,0.635798753,19.686545,265.2336649,,,,,,,,,,
No,0,Imperceptible,1,1,1288.321942,1020.307671,268.0491344,0.427351914,0.274855404,29.71017951,19.38093099,18.53011005,315.893507,52.574708,28.0534467,0.655936458,21.25752768,410.0856107,,,,,,,,,,
Yes,1,Noticeable,1,1,683.645934,524.325135,159.3744539,0.709476225,0.265259934,29.5516362,20.36740212,19.59358927,143.60403,18.978856,28.87167289,0.668529245,20.03354912,217.6112594,,,,,,,,,,
No,0,Noticeable,1,2,247.821252,171.21983,76.60141911,0.612780253,0.230800335,24.02545787,16.37604429,15.73278085,58.336013,7.710732,23.83399261,0.585917102,13.93945797,78.88395452,,,,,,,,,,
No,1,Noticeable,1,2,415.411754,312.250394,103.1613576,0.621434201,0.24143233,26.3407406,17.82363793,17.0807291,97.926763,13.328857,26.24715413,0.626982832,16.72984437,132.2296681,,,,,,,,,,
No,1,Noticeable,1,2,493.252148,366.855875,126.3962721,0.341221188,0.220278006,23.67962295,15.29454213,14.53360886,141.094922,22.285153,23.25096465,0.575608284,15.5229023,157.0070351,,,,,,,,,,
Yes,1,Noticeable,1,2,912.784324,724.600423,188.1838975,0.354246037,0.246100226,26.92953619,17.06362374,16.23060062,258.493728,38.953463,26.05610579,0.623829225,18.64723627,290.5482743,,,,,,,,,,
Yes,1,Disturbing,1,3,564.648287,432.750082,131.898203,0.379346494,0.227968863,24.88413373,16.69816108,15.79185612,143.668982,20.317821,24.52256357,0.597902704,17.45169688,179.733132,,,,,,,,,,
Yes,1,Disturbing,1,3,391.88681,292.524845,104.0289942,0.666971682,0.244231756,26.55041828,18.51034437,17.75270842,86.206954,11.745195,26.31060428,0.628026387,17.22520401,124.7414459,,,,,,,,,,
Yes,1,Noticeable,1,3,390.072892,298.574405,100.601674,0.635608752,0.241246162,26.23978346,18.29685908,17.49435401,86.843557,11.942163,26.07382399,0.62412242,17.25006186,124.1640579,,,,,,,,,,
Yes,1,Noticeable,1,3,937.338048,753.090749,184.2472966,0.384714427,0.250338528,27.51529345,18.05826275,17.10169281,239.455638,35.9125,26.72763335,0.634837668,19.88815953,298.3639674,,,,,,,,,,
Yes,0,Noticeable,1,4,315.60514,226.529264,89.07587301,0.673432173,0.240347095,25.65971524,17.91342046,17.18900157,69.010275,8.686531,25.5090013,0.614703733,16.08018269,100.4602362,,,,,,,,,,
No,0,Imperceptible,1,4,982.379071,764.596405,217.7826609,0.389763533,0.253445944,27.75737407,18.11794506,17.28746583,250.318532,39.745909,26.52004407,0.631457476,19.59217574,312.7009703,,,,,,,,,,
No,1,Noticeable,1,4,579.249907,434.595592,144.8215811,0.664600002,0.25501225,28.28025694,19.43429851,18.69896774,125.689481,16.431158,27.67576774,0.650013012,18.76577089,184.380972,,,,,,,,,,
No,0,Imperceptible,1,4,734.489372,571.242712,163.2466576,0.401746929,0.239994894,26.46218386,17.55831002,16.67692287,187.54473,27.465992,25.79244968,0.619448956,18.65285354,233.7952284,,,,,,,,,,
No,1,Noticeable,1,5,465.81423,355.4679,111.6334109,0.685139647,0.250239115,27.52248733,19.06227998,18.2631488,102.267551,13.167976,27.37244517,0.645205446,18.21391113,148.2732745,,,,,,,,,,
Yes,1,Noticeable,1,5,1256.024611,1030.215872,225.8087358,0.39520685,0.270008633,29.23573979,18.86825952,17.90978808,323.461389,47.070099,28.06401658,0.65610123,21.23545753,399.805051,,,,,,,,,,
Yes,1,Noticeable,1,5,838.780743,655.701227,183.0795132,0.392567509,0.245274127,27.00463624,17.7106388,16.84845327,217.655917,33.393326,26.13418038,0.625120068,19.00447055,266.9922028,,,,,,,,,,
Yes,1,Disturbing,1,5,711.549678,554.091774,160.2335999,0.658101589,0.262181692,29.25360728,19.96728496,19.17059641,154.962933,20.881725,28.5944321,0.664299364,19.92520575,226.493297,,,,,,,,,,
No,1,Disturbing,1,6,385.833229,290.88617,95.02345316,0.662524601,0.243468169,26.45076888,18.39530289,17.57998043,84.061825,10.26224,26.4786467,0.630780945,17.28858727,122.8145312,,,,,,,,,,
Yes,1,Disturbing,1,6,298.139948,215.848171,82.84348705,0.65528424,0.237655908,25.25085074,17.6604679,16.90090022,65.372559,8.142744,25.2058169,0.609587034,15.88236352,94.90089291,,,,,,,,,,
Yes,1,Noticeable,1,6,925.849526,739.273103,186.57642,0.390419114,0.250187842,27.51680208,18.04522679,17.11667048,236.286487,36.702983,26.68117423,0.634082956,19.72902984,294.7070572,,,,,,,,,,
Yes,1,Noticeable,1,6,662.810592,517.251945,145.5586459,0.388213367,0.234544969,25.79083481,17.15133125,16.23633102,169.061858,24.474785,25.34245717,0.611898276,18.20488012,210.9791641,,,,,,,,,,
No,0,Imperceptible,1,7,780.024116,616.83141,163.1927039,0.383905121,0.241029906,26.54898314,17.52223843,16.59371842,199.999772,29.869759,25.94457964,0.621980348,18.92989099,248.2893876,,,,,,,,,,
Yes,1,Disturbing,1,7,1177.05673,959.257706,217.7990192,0.393006294,0.265171208,28.84498165,18.69246199,17.74006652,302.120884,46.659536,27.73809661,0.650995364,20.92127096,374.6687938,,,,,,,,,,
No,1,Noticeable,1,7,651.57782,517.945988,138.593029,0.672703993,0.260001845,29.01525548,19.89510347,19.04315219,143.316831,19.020259,28.67549596,0.665540088,19.90332119,207.4036617,,,,,,,,,,
No,1,Imperceptible,1,7,440.451112,315.683442,129.9653401,0.623617158,0.243102535,26.55524309,18.37036636,17.72721461,97.021327,13.039102,25.84787035,0.620372389,17.00915158,140.1999433,,,,,,,,,,
No,0,Imperceptible,1,8,445.60967,323.73883,121.8708393,0.344569948,0.217788809,23.24439892,15.33000643,14.56996883,117.929215,16.186324,22.76676017,0.566938353,15.312785,141.8419633,,,,,,,,,,
No,0,Imperceptible,1,8,285.236626,203.70465,82.23704536,0.627149024,0.23431567,24.76592197,17.1573329,16.43746232,64.096739,7.659347,24.65214007,0.600134749,15.22928807,90.79363796,,,,,,,,,,
No,0,Imperceptible,1,8,841.076547,672.498863,168.5776796,0.367287212,0.243088159,26.71608473,17.34033342,16.41976952,223.731171,29.78054,26.09170802,0.624418209,18.95548482,267.7229799,,,,,,,,,,
No,0,Imperceptible,1,8,545.229342,409.013137,137.9117372,0.625585009,0.249433666,27.5973369,18.81119867,18.0856519,120.753427,14.939541,27.04883867,0.640027264,18.08242833,173.5518898,,,,,,,,,,
No,0,Imperceptible,1,9,695.957108,559.052372,139.3856091,0.656699501,0.261137696,29.188563,19.81785979,18.94995863,155.056494,19.515259,28.92037892,0.669268432,20.07703909,221.5300278,,,,,,,,,,
Yes,1,Noticeable,1,9,817.359584,641.165472,176.1941097,0.36736879,0.241703463,26.53665799,17.23931726,16.3738493,218.198913,32.241983,25.75348232,0.618798815,18.60159104,260.1736362,,,,,,,,,,
Yes,1,Disturbing,1,9,449.845763,339.510999,113.2874518,0.642077764,0.245348685,26.91160426,18.50643685,17.74441798,101.154579,13.284892,26.65468686,0.633652216,17.54339881,143.1903536,,,,,,,,,,
Yes,1,Noticeable,1,9,1210.31727,965.597496,244.7197696,0.359189072,0.264019181,28.47710863,18.15896686,17.30147012,319.846562,47.662001,27.04707144,0.639998847,20.21382869,385.2559525,,,,,,,,,,
Yes,1,Disturbing,1,10,449.488355,339.889556,109.6172297,0.656078759,0.246612996,27.05517579,18.58844226,17.81136469,98.901194,11.93042,26.90835444,0.637763601,17.62552983,143.0765871,,,,,,,,,,
No,1,Noticeable,1,10,870.339529,688.52757,181.8119559,0.352718586,0.243468497,26.6597831,16.92798381,16.09577673,245.31699,36.290286,25.8444783,0.620315911,18.41967924,277.0376764,,,,,,,,,,
Yes,1,Disturbing,1,10,367.405276,275.917002,92.08169926,0.624047173,0.23885422,25.83798917,17.61868211,16.85109783,85.861427,11.235841,25.87148265,0.620765388,16.39527367,116.9487316,,,,,,,,,,
Yes,1,Noticeable,1,10,683.343993,515.738249,167.6057399,0.337922738,0.2311336,25.1669877,16.14645557,15.39207813,192.119595,28.777969,24.33977631,0.594741358,16.94495679,217.5151486,,,,,,,,,,
No,0,Imperceptible,1,11,759.797546,594.777083,165.0204605,0.345519431,0.2363188,25.85947768,16.51817329,15.6863049,216.199433,34.233392,25.19439195,0.609393396,17.77136761,241.8510704,,,,,,,,,,
No,1,Noticeable,1,11,659.418089,527.849103,133.8598193,0.630318783,0.256571106,28.64851673,19.25066797,18.41167127,153.489339,20.690166,28.43740593,0.661886779,19.41673887,209.8992969,,,,,,,,,,
No,0,Imperceptible,1,11,417.469303,313.57643,106.3897938,0.62098279,0.241511668,26.35659576,17.93964271,17.19990189,98.181817,13.940674,26.16744465,0.62566917,16.85373174,132.8846063,,,,,,,,,,
No,0,Imperceptible,1,11,1125.754449,897.574525,228.179922,0.345369793,0.257786733,27.89408048,17.57541926,16.74372331,312.581017,46.591243,26.62064976,0.633098211,19.53225417,358.3387705,,,,,,,,,,
No,1,Noticeable,1,12,673.355499,540.270565,135.3281343,0.622775061,0.256696718,28.67445108,19.20306408,18.36454886,157.832976,20.507302,28.45637025,0.662178796,19.43482454,214.3357122,,,,,,,,,,
No,0,Noticeable,1,12,787.745325,602.520813,185.224511,0.329712873,0.236508292,25.75912527,16.33687073,15.57892306,223.416542,32.25792,24.79376903,0.602565804,17.44063734,250.7471247,,,,,,,,,,
No,0,Noticeable,1,12,1217.398099,997.460996,219.9370992,0.372989525,0.265701707,28.76332249,18.34908892,17.41594204,323.699236,46.341967,27.64979047,0.649603032,20.69080456,387.5098503,,,,,,,,,,
No,0,Noticeable,1,12,456.678353,329.300447,130.3601649,0.608792811,0.242694199,26.5656665,18.20791947,17.55345445,102.306081,13.57619,25.91593462,0.621504531,16.96082113,145.3652346,,,,,,,,,,
Yes,1,Noticeable,1,13,813.456586,526.671708,286.7848721,0.266333987,0.232199362,24.58460824,15.35774556,15.03500035,238.486385,53.253063,22.45961973,0.561389155,15.5323019,258.9312733,,,,,,,,,,
No,0,Imperceptible,1,13,536.273796,351.889587,184.4187634,0.528090157,0.239957948,26.25929824,17.54870375,17.13611603,129.223833,25.303731,24.86912265,0.603855566,15.98489618,170.701251,,,,,,,,,,
Yes,1,Noticeable,1,13,694.859954,456.725957,238.1339923,0.275341252,0.226064606,24.01844106,15.19947849,14.79834845,200.982078,43.852515,22.23698685,0.557343173,15.27123293,221.1807929,,,,,,,,,,
Yes,1,Noticeable,1,13,463.13393,289.682586,173.8298943,0.504268953,0.233477852,25.27854314,16.99060094,16.64634629,110.163498,21.6942,23.84781884,0.586159805,15.10749929,147.4201085,,,,,,,,,,
Yes,1,Disturbing,1,14,1443.681102,1030.818945,412.8621501,0.28768525,0.271153587,28.06889001,17.35370732,16.8760742,417.668276,89.382308,25.28306812,0.610894774,18.87133049,459.5379673,,,,,,,,,,
Yes,1,Disturbing,1,14,534.267225,355.857852,181.4752667,0.609907366,0.247350982,27.16131823,18.64988187,18.20214624,121.677544,24.766591,25.79787295,0.619539383,17.12861684,170.0625396,,,,,,,,,,
Yes,1,Noticeable,1,14,809.046447,572.68617,239.7443494,0.611833007,0.263657296,29.22058602,19.84611159,19.31384997,182.709515,37.887996,27.54684429,0.647975077,19.31687509,257.5274825,,,,,,,,,,
Yes,1,Noticeable,1,14,940.25854,629.72454,310.5339962,0.330121228,0.245498305,26.38490575,17.02459788,16.62544939,250.730097,55.430712,24.15446944,0.591521358,17.52580574,299.2935889,,,,,,,,,,
Yes,1,Noticeable,1,15,470.153508,312.43056,158.0018767,0.552519649,0.238319315,25.971372,17.68794703,17.20380137,109.741033,21.413957,24.82594059,0.60311677,16.11695674,149.6545096,,,,,,,,,,
Yes,1,Noticeable,1,15,349.288942,220.512449,129.7323781,0.538850354,0.229969723,24.50311881,16.77155346,16.34608011,81.743908,16.115531,23.42731768,0.578741707,14.55247577,111.1821234,,,,,,,,,,
No,0,Noticeable,1,15,683.095507,455.224883,227.8706196,0.293482286,0.22703938,24.26348436,15.67135357,15.21161081,188.978454,43.771765,22.58122323,0.563590751,15.86199018,217.4360531,,,,,,,,,,
No,0,Noticeable,1,15,1163.5072,791.45269,372.0545046,0.303821603,0.256188696,27.08738378,17.1091474,16.71883796,317.123454,68.398341,24.50429496,0.597587412,17.99187288,370.3558444,,,,,,,,,,
No,0,Noticeable,1,16,1515.437267,1082.330986,433.1062747,0.305857684,0.277033903,28.62422121,17.91877927,17.4347257,419.019125,95.737243,25.72562957,0.618333679,19.49582645,482.378664,,,,,,,,,,
No,0,Noticeable,1,16,815.630352,574.974075,245.2983613,0.559975255,0.25928323,28.69206154,19.2635467,18.75360782,190.245227,39.064239,26.95950659,0.638588928,18.77523357,259.6232045,,,,,,,,,,
No,0,Imperceptible,1,16,530.363131,352.036434,183.2746678,0.549706776,0.241595398,26.46968674,17.99749998,17.56676993,124.842131,25.794083,25.06202761,0.607145648,16.56138839,168.8198279,,,,,,,,,,
No,0,Imperceptible,1,16,942.049712,630.517843,311.5318635,0.294080933,0.242294948,25.83016408,16.44254459,16.04764006,257.747942,57.128682,23.59275462,0.581669213,17.03479756,299.8637366,,,,,,,,,,
Yes,1,Noticeable,1,17,1148.545132,857.821134,290.7239926,0.608299272,0.283261472,31.06121525,20.99932805,20.33258782,251.183224,46.608756,29.11605139,0.672226215,21.51211911,365.5932702,,,,,,,,,,
No,0,Imperceptible,1,17,2093.639934,1568.425316,525.3207219,0.356131196,0.315589508,31.28701245,19.92802876,19.30690225,521.214303,105.809542,27.9099525,0.653694131,22.32574997,666.4262891,,,,,,,,,,
No,0,Imperceptible,1,17,1325.045992,950.168073,374.9771633,0.359470051,0.27077955,28.71808037,18.70342189,18.14243379,331.481681,69.585997,26.15678185,0.625493213,20.15543266,421.7752389,,,,,,,,,,
No,0,Imperceptible,1,17,728.19273,488.598458,239.7264729,0.586581076,0.256593056,28.34873489,19.48478735,19.03422953,158.804093,34.779523,26.59305733,0.632648698,18.68748825,231.790945,,,,,,,,,,
Yes,1,Disturbing,1,18,2128.919213,1608.290533,520.628671,0.341702974,0.316335891,31.19479847,19.72473696,19.08299502,540.198042,109.439193,27.84064272,0.652607448,22.2252056,677.6560324,,,,,,,,,,
Yes,1,Noticeable,1,18,1579.480247,1148.455885,431.0243569,0.339331748,0.283866145,29.40273839,18.66935893,18.12454097,408.401253,80.319089,26.52245796,0.631496899,20.32281431,502.7641777,,,,,,,,,,
Yes,1,Noticeable,1,18,760.910508,532.528097,228.4233465,0.601108078,0.259847168,28.78858927,19.75066708,19.2001863,166.961579,31.760974,27.2023581,0.642490105,19.20367767,242.2053372,,,,,,,,,,
No,0,Imperceptible,1,18,575.807356,367.84561,208.4197872,0.550364434,0.244323347,26.78938599,18.5110017,18.13120834,124.80727,24.322207,25.15679142,0.608755694,17.24379024,183.285174,,,,,,,,,,
No,0,Imperceptible,1,19,964.755901,668.300841,297.4058045,0.321224413,0.246119572,26.44439392,17.09071794,16.59507665,256.606122,52.215235,24.33673955,0.594688711,17.89979564,307.091341,,,,,,,,,,
No,0,Imperceptible,1,19,1316.520466,921.26051,395.7987275,0.320062144,0.266661456,28.04720682,17.86037465,17.40070718,346.756602,69.54898,25.3456822,0.611952723,19.1293446,419.0614797,,,,,,,,,,
Yes,1,Noticeable,1,19,672.654453,454.166786,219.3241492,0.569200431,0.251737416,27.796761,18.89656464,18.43750293,151.326931,28.336577,26.19765031,0.626167331,17.91526128,214.1125624,,,,,,,,,,
Yes,1,Disturbing,1,19,1128.380031,820.54724,307.8327858,0.599027809,0.281226661,30.81218997,20.8042374,20.21752638,242.125557,43.884245,28.7035217,0.665968282,21.06222352,359.1745192,,,,,,,,,,
No,1,Noticeable,1,20,2183.718335,1627.57522,556.1431067,0.338269607,0.319237416,31.25266123,19.73172433,19.14233984,545.766285,107.312655,27.72590146,0.650803308,22.17512911,695.0991347,,,,,,,,,,
No,0,Imperceptible,1,20,784.29649,530.329832,253.9666549,0.575370145,0.258857183,28.59513213,19.52709447,19.07423274,171.368582,33.50981,26.75318963,0.635252382,18.86833958,249.6493265,,,,,,,,,,
No,1,Noticeable,1,20,1377.880521,966.702787,411.1777255,0.332876881,0.271439684,28.48826643,18.34116873,17.86448333,346.248263,71.994773,25.70322446,0.617959256,19.7410183,438.5929918,,,,,,,,,,
No,0,Imperceptible,1,20,1042.066361,740.894432,302.197561,0.577139894,0.274150738,30.11944032,20.37138038,19.83548372,226.851173,45.014581,28.01463613,0.655330975,20.43592535,331.7000248,,,,,,,,,,
Yes,1,Noticeable,1,21,988.951902,772.077601,216.8742976,0.49224805,0.263239848,29.08722468,20.10698311,19.14072309,215.977877,37.011777,27.86709163,0.653022408,21.73106173,314.7931674,,,,,,,,,,
Yes,1,Disturbing,1,21,876.112373,681.929364,194.1830074,0.77922931,0.282961047,31.47953526,22.05996591,21.2221446,173.183141,25.49204,30.47783093,0.692283648,22.2757463,278.8752297,,,,,,,,,,
Yes,1,Intolerable,1,21,1821.168513,1469.790881,351.3776256,0.49574291,0.312411791,32.4932488,21.76080387,20.78156515,397.038985,66.907726,30.19873517,0.688248187,24.48960095,579.6959421,,,,,,,,,,
Yes,1,Intolerable,1,21,668.662936,489.655866,179.0070666,0.74342204,0.267496658,29.69938645,21.03810817,20.31949763,131.507717,19.46443,28.65844855,0.665279438,20.47257774,212.8420231,,,,,,,,,,
Yes,1,Noticeable,1,22,639.594651,481.340481,158.2541674,0.752233299,0.266599223,29.62155559,21.06770143,20.25749391,126.719748,19.031271,28.88363434,0.668710887,20.68514906,203.5893006,,,,,,,,,,
Yes,1,Noticeable,1,22,940.072452,743.839343,196.2331071,0.748076923,0.283855714,31.56877764,22.14091364,21.22985696,186.319702,29.190486,30.59801481,0.694009414,22.7986759,299.2343552,,,,,,,,,,
No,0,Imperceptible,1,22,1771.774091,1443.11528,328.6588056,0.492285087,0.30919491,32.32204424,21.70602134,20.67625016,385.796015,63.318506,30.21159941,0.688435046,24.54781492,563.9732092,,,,,,,,,,
No,0,Imperceptible,1,22,1109.143364,852.36648,256.7768786,0.473642879,0.268587132,29.42476483,20.20057922,19.30543801,241.24729,44.011703,27.80370293,0.652027324,21.90914872,353.051298,,,,,,,,,,
Yes,1,Noticeable,1,23,474.913728,347.226706,127.6870206,0.74700371,0.256452376,28.16024052,20.16456572,19.39255989,95.009144,14.725193,27.6442263,0.649515174,19.13432312,151.1697347,,,,,,,,,,
No,1,Noticeable,1,23,1107.34803,841.912756,265.4352713,0.463915925,0.267588811,29.27503827,19.97016132,19.13026653,244.714334,44.167745,27.56008718,0.648184785,21.54519647,352.4798254,,,,,,,,,,
Yes,1,Disturbing,1,23,963.594686,736.347051,227.2476324,0.733794935,0.283925383,31.48288148,21.9284635,21.14859899,191.792476,31.624111,30.10915765,0.68694474,22.22528108,306.7217148,,,,,,,,,,
No,0,Imperceptible,1,23,1921.627369,1553.918392,367.7089719,0.475326089,0.316434462,32.55815852,21.63523573,20.66255803,423.983659,75.315806,30.14705176,0.687496628,24.49672901,611.6729891,,,,,,,,,,
Yes,1,Noticeable,1,24,1893.389735,1548.340643,345.0490882,0.476137945,0.314851441,32.51372147,21.63346182,20.61120919,421.820617,72.94187,30.28161621,0.689450627,24.62289267,602.684671,,,,,,,,,,
Yes,1,Imperceptible,1,24,1183.14053,905.515556,277.6249712,0.457876233,0.271483387,29.56216137,20.07680261,19.22603478,262.826328,48.399549,27.76033768,0.651345442,21.81288341,376.6053274,,,,,,,,,,
Yes,1,Noticeable,1,24,895.83835,683.830814,212.0075339,0.720943604,0.278768334,30.98517594,21.68507147,20.88391731,179.005391,31.106606,29.75012479,0.681680278,21.95616474,285.1542032,,,,,,,,,,
No,0,Imperceptible,1,24,561.078942,389.879932,171.1990088,0.702132896,0.257391134,28.39241822,20.19089964,19.57541844,112.746208,20.365553,27.26618783,0.643510749,19.16232626,178.5969742,,,,,,,,,,
No,0,Imperceptible,1,25,802.845768,618.771752,184.0740126,0.796238937,0.280221781,31.18734388,21.96532999,21.14667471,156.69639,20.824443,30.25876821,0.68911949,21.90767104,255.553745,,,,,,,,,,
No,0,Imperceptible,1,25,1162.612334,895.927147,266.6851822,0.500886996,0.27422677,30.00047351,20.67957127,19.77780272,247.262218,42.256595,28.30129893,0.659785778,22.42349003,370.0709997,,,,,,,,,,
No,0,Noticeable,1,25,655.849311,476.976395,178.8729143,0.750068224,0.267354618,29.66087434,21.09343896,20.38372805,127.626214,19.691994,28.60011677,0.664386476,20.46507845,208.7633195,,,,,,,,,,
No,0,Noticeable,1,25,1974.22295,1599.433394,374.78955,0.507465099,0.322472183,33.09554277,22.21421136,21.21298379,419.219239,68.647259,30.63583486,0.694550994,25.12940312,628.4146825,,,,,,,,,,
No,1,Noticeable,1,26,970.129496,775.485324,194.6441713,0.76675748,0.287334938,31.93230776,22.43585887,21.49274506,189.368568,26.878395,31.0118496,0.699896637,23.2223924,308.8018095,,,,,,,,,,
No,0,Imperceptible,1,26,1901.994108,1564.761118,337.2329848,0.511085726,0.318564724,32.96697351,22.20353907,21.12796831,406.346765,63.865496,30.80248709,0.696928933,25.25884623,605.423528,,,,,,,,,,
Yes,1,Noticeable,1,26,619.278186,441.212103,178.0660811,0.730333953,0.263396286,29.16489193,20.78685045,20.11652908,121.024073,20.003019,28.05006768,0.655883771,20.01035768,197.1223689,,,,,,,,,,
No,0,Imperceptible,1,26,1125.128586,856.763707,268.3648756,0.485503478,0.270614267,29.62122816,20.422918,19.55383207,239.795963,41.600363,27.88524542,0.653307027,22.08866202,358.1395522,,,,,,,,,,
No,1,Noticeable,1,27,524.72301,395.435031,129.2879762,0.787369205,0.263081734,29.04353256,20.80614142,19.9738742,104.514418,15.035494,28.6384748,0.664973863,20.09134901,167.0245216,,,,,,,,,,
Yes,1,Imperceptible,1,27,1717.361358,1394.22429,323.1370638,0.496502918,0.30638808,32.18886843,21.59356045,20.58745757,376.436163,56.856505,30.11745563,0.687065653,24.30833828,546.6530984,,,,,,,,,,
Yes,1,Noticeable,1,27,1178.862206,935.961468,242.900734,0.497355079,0.274856408,30.0993079,20.61598632,19.62571851,259.642901,42.256016,28.67467846,0.665527592,22.62939439,375.2434946,,,,,,,,,,
Yes,1,Noticeable,1,27,997.225217,775.306679,221.9185362,0.747424523,0.287150691,31.8276234,22.20930567,21.3745698,198.109365,30.77428,30.54774283,0.693288417,22.73515722,317.4266453,,,,,,,,,,
No,0,Imperceptible,1,28,925.22608,738.568146,186.6579317,0.766320317,0.284658976,31.68279402,22.26935649,21.33072655,184.028142,26.904467,30.84528522,0.697537375,22.99374154,294.5086082,,,,,,,,,,
No,0,Imperceptible,1,28,1735.824776,1412.97762,322.8471513,0.491060665,0.306972283,32.19131875,21.59129566,20.57016625,383.924053,63.854166,30.12595015,0.687189393,24.40121537,552.5301869,,,,,,,,,,
No,0,Imperceptible,1,28,1052.338074,806.305811,246.0322579,0.476816256,0.265543977,29.18361891,20.01865021,19.13889945,233.857925,41.666301,27.64880501,0.649587473,21.60328807,334.9696126,,,,,,,,,,
Yes,1,Noticeable,1,28,543.301494,379.274639,164.0268533,0.71184847,0.257239487,28.35015516,20.23623132,19.59810949,109.602383,21.155515,27.30240547,0.644088998,19.21203921,172.9382367,,,,,,,,,,
No,0,Imperceptible,1,29,723.420513,559.690624,163.729888,0.499629412,0.248330764,27.59422779,19.56143218,18.53030889,153.956887,22.999473,26.89913702,0.637614746,20.82717137,230.2719012,,,,,,,,,,
Yes,1,Noticeable,1,29,1722.941422,1370.233515,352.7079016,0.514720625,0.308388015,32.36628829,21.84357262,20.90717436,365.547626,58.519278,30.04620331,0.686026293,24.32154218,548.4292879,,,,,,,,,,
No,0,Imperceptible,1,29,785.201982,589.98914,195.2128404,0.766586825,0.276464027,30.74536996,21.71018855,20.94440962,151.593131,21.17791,29.62601577,0.679845543,21.52080835,249.9375535,,,,,,,,,,
No,0,Imperceptible,1,29,531.782585,380.295643,151.4869412,0.74150587,0.259285877,28.58149237,20.5310468,19.81725919,102.864064,14.727295,27.73157439,0.650892657,19.58961197,169.2716541,,,,,,,,,,
No,0,Noticeable,1,30,1874.684901,1516.123894,358.5610028,0.507264714,0.316610904,32.79616064,22.06419494,21.06323205,399.236155,65.352718,30.45118385,0.691900035,24.90025259,596.7307375,,,,,,,,,,
No,1,Noticeable,1,30,612.423212,438.068079,174.3551313,0.741176259,0.263989223,29.22588758,20.85589729,20.17399243,119.406494,18.317297,28.15718712,0.657551288,20.07927724,194.9403629,,,,,,,,,,
No,1,Noticeable,1,30,356.378916,235.62078,120.7581343,0.673294982,0.242727922,26.06879401,18.95686042,18.34195807,70.126954,11.629858,25.23976608,0.610162076,17.31023677,113.4389322,,,,,,,,,,
No,0,Imperceptible,1,30,804.31403,596.415572,207.8984564,0.464862619,0.249887622,27.61812234,19.38407435,18.52089537,171.927861,30.298233,26.34315494,0.628561003,20.56206492,256.0211073,,,,,,,,,,
No,0,Noticeable,1,31,1569.426049,1258.668318,310.7577248,0.524645746,0.300287789,31.98429882,21.72129326,20.73649658,332.550799,48.317594,29.99361781,0.685257603,24.12929585,499.563827,,,,,,,,,,
No,0,Noticeable,1,31,1096.358242,868.632347,227.7258927,0.52126016,0.272207911,29.99014499,20.81938551,19.79972054,232.290142,33.82512,28.70441029,0.665981852,22.71847511,348.9816672,,,,,,,,,,
No,0,Noticeable,1,31,629.146643,457.825072,171.3215686,0.759680867,0.266669612,29.55975763,21.07450412,20.35625205,122.010285,17.993549,28.57322588,0.663974257,20.3894627,200.2635963,,,,,,,,,,
No,0,Noticeable,1,31,985.611188,759.443577,226.1676094,0.754246426,0.287095199,31.81507812,22.2715611,21.45692133,191.447357,27.912905,30.47208925,0.69220102,22.68003857,313.7297851,,,,,,,,,,
No,1,Disturbing,1,32,1251.079246,995.173561,255.9056804,0.511183994,0.280365042,30.58049082,21.04689773,20.03689276,267.256731,40.350017,29.04083622,0.671091508,23.18164677,398.2308924,,,,,,,,,,
No,1,Disturbing,1,32,909.695087,694.340535,215.3545491,0.747601052,0.282028878,31.3237656,22.04727728,21.23875086,177.530466,29.671471,30.05691374,0.686182688,22.32604902,289.5649396,,,,,,,,,,
No,1,Noticeable,1,32,607.152988,431.090999,176.0619869,0.733123911,0.262940655,29.09496079,20.77725642,20.11026592,118.148309,19.23959,27.98832319,0.654920047,19.96071828,193.2627985,,,,,,,,,,
No,1,Noticeable,1,32,1688.252537,1341.995648,346.2568829,0.505616789,0.305516045,32.14656521,21.77384225,20.81818708,357.625563,60.633589,29.8728075,0.683486388,24.30536776,537.3874729,,,,,,,,,,
No,0,Imperceptible,1,33,723.834871,554.292609,169.5422585,0.806067946,0.276486144,30.76134802,21.77969219,20.96389967,141.076266,18.423121,29.96479014,0.684835618,21.51395095,230.4037954,,,,,,,,,,
No,0,Imperceptible,1,33,539.857385,409.864382,129.9929999,0.787968999,0.264025183,29.19075499,20.96783878,20.1060776,105.161519,14.253629,28.81005344,0.667592396,20.36710417,171.8419428,,,,,,,,,,
No,0,Imperceptible,1,33,1746.845766,1418.374641,328.9280647,0.516115565,0.309919255,32.51229943,21.95857862,20.93668791,374.972073,58.684278,30.3943002,0.69107995,24.69449578,556.038277,,,,,,,,,,
No,0,Imperceptible,1,33,1204.444443,930.962792,273.4816472,0.497422959,0.276364316,30.15288189,20.72488842,19.82064004,256.630619,42.495143,28.40296296,0.661355965,22.54605111,383.3865736,,,,,,,,,,
No,1,Noticeable,1,34,589.241665,443.473708,145.7679545,0.770487633,0.26531925,29.41361915,21.0531548,20.22506287,115.273511,15.938111,28.81307096,0.667638317,20.54683883,187.5614473,,,,,,,,,,
No,1,Noticeable,1,34,869.232374,689.273096,179.9592739,0.768816151,0.281601263,31.377067,22.1516348,21.21923489,169.602855,22.089637,30.59074666,0.693905253,22.70251177,276.685258,,,,,,,,,,
No,1,Noticeable,1,34,1076.417877,847.18784,229.2300339,0.503664098,0.269422094,29.67656997,20.56802322,19.56809491,229.927426,34.135174,28.35905893,0.660678497,22.4282934,342.6344519,,,,,,,,,,
Yes,1,Disturbing,1,34,1565.39375,1237.099414,328.2943306,0.497655899,0.297573425,31.62148937,21.45098332,20.50934603,333.440678,54.903054,29.4740128,0.677588001,23.8301263,498.2803064,,,,,,,,,,
No,1,Noticeable,1,35,660.781727,502.875366,157.9063585,0.78888961,0.271207954,30.14865579,21.42966859,20.60737885,128.172173,16.390835,29.45618645,0.677322492,21.03815953,210.3333563,,,,,,,,,,
No,1,Imperceptible,1,35,567.824861,405.059483,162.765375,0.742387398,0.261482482,28.88471619,20.6554591,19.96878082,109.564801,16.337207,27.91675737,0.653800695,19.71905937,180.7442669,,,,,,,,,,
Yes,1,Noticeable,1,35,841.785848,659.760657,182.0251884,0.502646558,0.255555783,28.40104261,20.04727644,18.98895549,177.579201,26.917164,27.5508958,0.648039244,21.63180848,267.9487575,,,,,,,,,,
No,1,Noticeable,1,35,1638.943123,1305.134846,333.8082718,0.509418459,0.302970576,32.03086253,21.74190656,20.77401305,344.187357,55.515905,29.85155875,0.683174105,24.22707643,521.6917989,,,,,,,,,,
No,0,Imperceptible,1,36,561.337684,419.860002,141.4776793,0.762818812,0.262977289,29.10489451,20.88705294,20.06159767,109.507308,15.906493,28.52764992,0.663274793,20.28917474,178.6793343,,,,,,,,,,
No,0,Noticeable,1,36,863.715462,680.242821,183.4726395,0.763643616,0.280802582,31.28140504,22.0907393,21.17657562,168.581985,24.583197,30.43226831,0.691627511,22.55754132,274.9291704,,,,,,,,,,
No,0,Noticeable,1,36,1624.496565,1312.706705,311.7898542,0.516230063,0.302747868,32.09728078,21.8316056,20.80099328,344.572029,55.187618,30.10975412,0.686953432,24.46065443,517.0933167,,,,,,,,,,
No,0,Imperceptible,1,36,1006.166992,758.207268,247.9597224,0.483542878,0.263451239,28.99809847,20.16593019,19.29972124,211.465003,35.969849,27.41063147,0.645813144,21.64636803,320.2729007,,,,,,,,,,
Yes,1,Disturbing,1,37,450.136979,336.35354,113.7834374,0.765888845,0.256731637,28.13658231,20.16590484,19.33649809,90.806156,12.761842,27.87982738,0.653222098,19.18858942,143.2830506,,,,,,,,,,
Yes,1,Noticeable,1,37,810.114078,619.06808,191.0459952,0.390847046,0.243433455,26.76444915,17.73865476,16.91103636,210.222411,36.817173,25.73710213,0.618525312,18.943524,257.86732,,,,,,,,,,
Yes,1,Disturbing,1,37,772.967927,599.224834,173.7430925,0.713447924,0.270867737,30.20744176,20.85018833,20.04595801,166.350985,25.379968,29.40902004,0.676619225,20.92117855,246.0433329,,,,,,,,,,
Yes,1,Disturbing,1,37,1504.201372,1175.72409,328.4772781,0.399104955,0.284934455,30.1483985,19.57154607,18.76067147,374.552097,66.909444,27.98542269,0.65487473,21.77215656,478.8021675,,,,,,,,,,
Yes,1,Disturbing,1,38,944.398081,724.989994,219.4080832,0.396529131,0.251837542,27.61851767,18.31657209,17.48381282,239.060814,42.710907,26.32891624,0.628327206,19.77612957,300.6112457,,,,,,,,,,
Yes,1,Disturbing,1,38,753.463407,583.779044,169.684359,0.69523826,0.268051174,29.89948082,20.70739454,19.88278228,163.083903,28.490278,29.14355677,0.672640465,20.84479782,239.8348513,,,,,,,,,,
Yes,1,Disturbing,1,38,1290.147597,1014.334145,275.8134472,0.397271023,0.272201144,29.30810954,19.13247565,18.27960632,328.805254,59.409081,27.57076663,0.648353837,21.20566879,410.6667348,,,,,,,,,,
Yes,1,Disturbing,1,38,458.257399,309.648235,148.6091606,0.628780601,0.244621769,26.70333674,18.69950261,18.14082371,99.752556,18.747803,25.69371611,0.617800287,17.27709088,145.8678605,,,,,,,,,,
No,0,Imperceptible,1,39,703.092615,532.926213,170.1663987,0.387379641,0.236832988,26.01100344,17.29585963,16.47217319,183.664205,32.24107,25.171798,0.609010282,18.24684203,223.8013303,,,,,,,,,,
No,0,Imperceptible,1,39,445.332274,312.305733,133.0265406,0.656521289,0.246409659,26.91561848,18.72567486,18.09847427,98.660809,16.737549,26.18006844,0.625877417,17.33217697,141.7536655,,,,,,,,,,
No,0,Imperceptible,1,39,715.695208,548.976891,166.7183154,0.697192001,0.266013534,29.65020572,20.34996509,19.58470381,158.828644,26.100421,28.89027584,0.668811711,20.20367471,227.8128602,,,,,,,,,,
No,0,Imperceptible,1,39,1381.34656,1072.203408,309.1431472,0.386323267,0.276549519,29.49748602,19.00722572,18.23255016,359.056741,65.45718,27.47079949,0.646769225,21.00918553,439.6962663,,,,,,,,,,
Yes,1,Disturbing,1,40,888.31789,675.388027,212.9298584,0.381858757,0.247198894,27.09155442,17.80122086,17.0133486,233.241565,41.590422,25.83699819,0.620191348,19.08772376,282.7603665,,,,,,,,,,
Yes,1,Noticeable,1,40,1304.050596,1022.61341,281.4371808,0.386988654,0.272073328,29.22110653,18.89536982,18.07458687,341.166684,61.366682,27.43193221,0.646151817,20.94324811,415.0921968,,,,,,,,,,
Yes,1,Disturbing,1,40,464.023709,317.500051,146.5236552,0.627516658,0.244844221,26.76144058,18.61947049,18.04576993,103.149065,19.03937,25.81083681,0.619755486,17.23788263,147.703334,,,,,,,,,,
Yes,1,Disturbing,1,40,645.949639,468.842759,177.1068774,0.647610295,0.257367869,28.56030361,19.71905959,19.05702275,142.738588,26.969857,27.51022222,0.647394707,19.14693737,205.6121561,,,,,,,,,,
Yes,1,Noticeable,1,41,1053.356687,808.349196,245.0074892,0.394614539,0.258057652,28.15167111,18.3097783,17.54117575,276.414831,48.218588,26.62928963,0.633238891,19.7820267,335.2938471,,,,,,,,,,
Yes,1,Disturbing,1,41,665.989694,505.047418,160.9422743,0.698827517,0.263245961,29.3003612,20.13855076,19.39783743,148.33521,25.421655,28.5614869,0.663794194,19.76142721,211.9911037,,,,,,,,,,
Yes,1,Noticeable,1,41,467.288587,347.878499,119.4100864,0.687630125,0.250554286,27.52616784,19.18586083,18.42289921,103.994396,17.460876,27.18409128,0.642197654,18.27176497,148.7425769,,,,,,,,,,
No,0,Imperceptible,1,41,904.350525,676.152474,228.198049,0.375099276,0.247519489,27.05491281,17.75397182,17.01780742,234.857163,44.31142,25.61964186,0.616560407,18.93052339,287.8637127,,,,,,,,,,
Yes,1,Noticeable,1,42,745.206417,576.204227,169.0021873,0.680608207,0.26622345,29.69455312,20.40027623,19.6018151,166.082004,30.676958,28.93870878,0.669546311,20.48206937,237.2065698,,,,,,,,,,
Yes,1,Noticeable,1,42,848.425509,645.457943,202.9675634,0.380325054,0.244716417,26.84204959,17.66509133,16.86685943,223.345809,41.687394,25.68395216,0.617637,18.90596861,270.0622272,,,,,,,,,,
No,0,Noticeable,1,42,1167.963687,912.014578,255.9491066,0.386965787,0.264082928,28.62565148,18.59973387,17.77548829,306.388689,56.846935,27.04538294,0.639971694,20.46649936,371.7743883,,,,,,,,,,
No,1,Noticeable,1,42,396.554248,268.216065,128.3381817,0.614230019,0.23966405,25.93071983,18.12816793,17.54446297,88.499229,16.883276,25.11066566,0.607972524,16.54209449,126.2271375,,,,,,,,,,
No,0,Imperceptible,1,43,647.713783,488.709677,159.0041032,0.380161272,0.232919604,25.51259582,17.01558153,16.18522339,169.747213,30.751907,24.77608311,0.602262718,17.86992522,206.1737005,,,,,,,,,,
Yes,1,Noticeable,1,43,415.329192,306.281626,109.047565,0.683367959,0.247113002,26.95213158,18.89892412,18.12981673,91.941721,15.881543,26.69068847,0.634237595,17.79127656,132.2033878,,,,,,,,,,
Yes,1,Noticeable,1,43,1222.942773,961.388555,261.5542137,0.401444401,0.268639337,29.07828265,18.93938554,18.0974992,315.657054,56.586451,27.46315147,0.646647794,20.88768999,389.2747749,,,,,,,,,,
No,1,Noticeable,1,43,739.517405,548.232932,191.2844704,0.666559409,0.264599825,29.43725673,20.19202839,19.50925481,163.593594,30.854198,28.31598295,0.660012885,19.87353565,235.395701,,,,,,,,,,
No,0,Imperceptible,1,44,511.369653,375.824094,135.5455576,0.675031373,0.251985279,27.78400783,19.33801078,18.61360315,113.181939,19.463076,27.20210915,0.64248612,18.46635899,162.774016,,,,,,,,,,
Yes,1,Noticeable,1,44,1389.230591,1105.53027,283.7003182,0.394441951,0.277757607,29.69710059,19.20913235,18.34387543,359.925638,66.524178,27.91570785,0.653784261,21.48283483,442.2058313,,,,,,,,,,
No,0,Imperceptible,1,44,712.358045,547.554421,164.8036215,0.686499008,0.264836026,29.5239889,20.37736088,19.58182342,156.915488,26.800418,28.79266792,0.66732773,20.35388199,226.7506082,,,,,,,,,,
Yes,1,Noticeable,1,44,802.681575,588.76453,213.9170411,0.370500965,0.241129397,26.36234473,17.43704426,16.72528219,207.211998,39.625232,25.00549543,0.606183214,18.37477978,255.5014808,,,,,,,,,,
No,0,Imperceptible,1,45,1083.076049,834.762308,248.313739,0.403144023,0.260585185,28.41878005,18.53632817,17.75298254,280.679763,48.551362,26.87705331,0.637257946,20.07749751,344.7538139,,,,,,,,,,
No,0,Imperceptible,1,45,649.539048,492.313924,157.2251198,0.703229859,0.262684443,29.22443176,20.11438287,19.37166973,143.419752,24.037224,28.52414483,0.663220957,19.68060118,206.7547004,,,,,,,,,,
No,0,Imperceptible,1,45,812.696008,624.031721,188.6642847,0.397006996,0.244150498,26.87208921,17.81848623,16.97943758,211.219809,37.759216,25.88400725,0.620973739,19.05609232,258.6891738,,,,,,,,,,
No,0,Imperceptible,1,45,498.773696,354.354069,144.4196238,0.664109313,0.250243251,27.51122091,19.13995069,18.4963489,109.839825,19.079716,26.70857555,0.634528206,17.99743992,158.7645984,,,,,,,,,,
No,1,Noticeable,1,46,1370.498984,1085.627406,284.8715731,0.40021739,0.277188247,29.68980726,19.24816174,18.39576535,353.733323,64.697574,27.89027406,0.653385838,21.44441592,436.2433756,,,,,,,,,,
No,0,Noticeable,1,46,474.403846,346.33417,128.0696729,0.679495823,0.250225222,27.48342797,19.2080885,18.4845036,104.940224,19.32049,26.95694729,0.638547664,18.19846697,151.0074342,,,,,,,,,,
No,1,Noticeable,1,46,827.756976,626.86966,200.8873138,0.385521087,0.24398017,26.78160341,17.71325549,16.91700334,215.738594,40.770638,25.63045574,0.616741572,18.88989874,263.4832288,,,,,,,,,,
No,0,Noticeable,1,46,680.938542,501.259994,179.6785443,0.661421338,0.260689571,28.97603817,19.99071726,19.30273572,149.958682,28.22865,27.94479594,0.654239542,19.56610507,216.7494698,,,,,,,,,,
Yes,1,Noticeable,1,47,937.705901,709.86362,227.8422762,0.399273669,0.251696659,27.5904492,18.01332803,17.27335535,247.074742,43.496152,26.18825569,0.626012438,19.18648763,298.4810586,,,,,,,,,,
Yes,1,Disturbing,1,47,686.399115,519.971245,166.4278689,0.390804816,0.23616751,25.94082371,17.2172025,16.40181466,180.21835,31.035525,25.1391647,0.608456524,18.1021153,218.4876242,,,,,,,,,,
Yes,1,Disturbing,1,47,640.460782,485.494501,154.9662802,0.698322037,0.261701011,29.10890071,19.99901336,19.25852603,143.145768,23.953203,28.43394885,0.661833527,19.56924614,203.8649986,,,,,,,,,,
Yes,1,Disturbing,1,47,461.689404,325.619382,136.0700182,0.65573673,0.2472978,27.07308056,18.79487929,18.1630391,102.900452,17.827496,26.32778035,0.628308551,17.49103646,146.9603016,,,,,,,,,,
Yes,1,Disturbing,1,48,442.608437,320.980128,121.6283084,0.676842235,0.248115232,27.14119426,18.89940862,18.19559362,99.019749,17.174561,26.65865239,0.633716725,17.70650054,140.8866412,,,,,,,,,,
No,0,Noticeable,1,48,779.970092,588.197234,191.7728561,0.381819605,0.240835284,26.43005615,17.40214933,16.62521801,207.169458,37.396486,25.35496084,0.612109346,18.44368448,248.2721912,,,,,,,,,,
No,0,Noticeable,1,48,1147.926129,889.151944,258.7741807,0.389271071,0.263118348,28.547842,18.5008281,17.71252994,303.736076,53.92523,26.92602711,0.638048887,20.23587277,365.3962355,,,,,,,,,,
Yes,1,Disturbing,1,48,621.500245,449.91409,171.5861535,0.65414891,0.256532934,28.44247894,19.56124654,18.9166096,138.928405,25.792702,27.43691595,0.646231025,18.84445193,197.8296722,,,,,,,,,,
No,1,Noticeable,1,49,840.719964,629.745582,210.9743772,0.381979361,0.244415967,26.78913624,17.42435098,16.70648037,227.71375,41.909816,25.51290332,0.61476931,18.40038516,267.6094761,,,,,,,,,,
No,1,Imperceptible,1,49,545.108214,386.788859,158.3193523,0.660962134,0.252674176,27.87701496,19.05360893,18.46570819,124.754458,22.424041,26.93428203,0.638182093,17.87040584,173.5133336,,,,,,,,,,
No,0,Imperceptible,1,49,387.493172,267.51537,119.9778004,0.643602177,0.241828529,26.16487343,18.09400248,17.49581624,89.216337,15.920603,25.50172117,0.614581366,16.40045584,123.3429075,,,,,,,,,,
No,0,Imperceptible,1,49,715.204715,520.510568,194.6941446,0.365930678,0.235574953,25.72466894,16.80290388,16.1313917,194.892883,36.866644,24.51898783,0.597841003,17.43699939,227.6567314,,,,,,,,,,
No,0,Imperceptible,1,50,599.499706,449.014952,150.4847511,0.666896104,0.256411695,28.46074227,19.55297271,18.82533023,137.00704,25.692443,27.78916879,0.651798889,19.03637025,190.8266832,,,,,,,,,,
No,0,Imperceptible,1,50,155.859964,1.452403,154.4075573,0.00685601,0.169778362,3.293507596,-2.296314229,-0.205124803,42.592721,7.864554,0.068437133,0.141843285,-10.12011646,49.6117674,,,,,,,,,,
Yes,1,Noticeable,1,50,214.59984,0.038138,214.561699,0.000282055,0.172622903,-6.861835169,-12.22193762,-9.518943785,58.076625,10.564925,-10.10900353,0.037822004,-18.69649865,68.30925065,,,,,,,,,,
No,0,Imperceptible,1,50,214.59984,0.038138,214.561699,0,0.172597011,0,0,0,58.076625,10.564925,0,0,0,68.30925065,,,,,,,,,,
No,0,Imperceptible,1,51,875.537661,659.428742,216.1089146,0.386116883,0.246839591,27.05829213,17.55822907,16.83644551,238.251854,41.711259,25.74939595,0.618730596,18.62683843,278.6922932,,,,,,,,,,
No,0,Imperceptible,1,51,630.197561,463.814406,166.3831514,0.375831439,0.231493923,25.2815255,16.65180676,15.92245129,171.831983,31.903405,24.38075629,0.595451404,17.20074398,200.5981139,,,,,,,,,,
Yes,1,Noticeable,1,51,397.139537,288.055911,109.0836242,0.672537095,0.245050996,26.62765711,18.49948142,17.7888937,90.639346,15.225468,26.28890852,0.627669774,17.16294102,126.4134408,,,,,,,,,,
No,1,Noticeable,1,51,668.691838,493.632123,175.059712,0.664183197,0.260224228,28.92284181,19.75450207,19.08784629,151.832658,27.180942,27.94559445,0.654252034,19.22535622,212.8512228,,,,,,,,,,
No,1,Noticeable,1,52,726.394765,526.916296,199.4784666,0.367742008,0.236398089,25.81874468,16.90051222,16.23601144,196.49219,37.459205,24.56091691,0.598564148,17.54232786,231.218635,,,,,,,,,,
Yes,1,Intolerable,1,52,413.015407,280.923012,132.0923943,0.630580369,0.242131282,26.28244577,18.19408027,17.63140651,94.538285,17.604972,25.44652665,0.613652838,16.54147461,131.4668872,,,,,,,,,,
Yes,1,Disturbing,1,52,560.232368,402.141523,158.0908422,0.645081263,0.2521041,27.85600268,19.15317668,18.51766611,127.848166,23.867868,26.95373629,0.638495888,18.25630924,178.3275013,,,,,,,,,,
No,1,Noticeable,1,52,933.169392,693.466922,239.702467,0.36294215,0.248095133,27.03060359,17.46521568,16.78203224,254.924895,50.067278,25.48266347,0.61426092,18.6117898,297.037043,,,,,,,,,,
No,1,Noticeable,1,53,256.722445,693.466922,239.702467,0,0.175069608,0,0,0,65.261465,11.311847,0,0,0,297.037043,,,,,,,,,,
No,1,Noticeable,1,53,169.606437,10.85286,158.7535738,0.106322842,0.179716335,13.5444669,7.549690653,9.22395284,37.918233,5.60129,10.45208995,0.325919838,1.247594151,53.98740566,,,,,,,,,,
No,0,Imperceptible,1,53,1124.775571,865.434851,259.3407167,0.399434508,0.262692414,28.56270022,18.60523568,17.82994144,293.237205,54.806588,26.92233282,0.637989263,20.21806415,358.027184,,,,,,,,,,
Yes,1,Disturbing,1,53,680.119051,499.246942,180.8721045,0.668829717,0.261321556,29.04102224,19.96490136,19.29808061,150.512766,27.337953,27.98958553,0.654939769,19.44211494,216.4886177,,,,,,,,,,
No,0,Noticeable,1,54,525.28535,377.542044,147.7433031,0.378584337,0.225588292,24.44325711,16.26438533,15.5570452,139.855131,24.88407,23.64845264,0.582652199,16.39652395,167.20352,,,,,,,,,,
Yes,1,Disturbing,1,54,817.546995,607.991366,209.5556277,0.365758076,0.2415666,26.41224771,17.01644682,16.32976588,229.006237,41.608266,25.12990301,0.608299273,17.93830655,260.2332909,,,,,,,,,,
Yes,1,Intolerable,1,54,332.69827,231.334748,101.3635184,0.635859398,0.237901281,25.45589593,17.5023442,16.878006,79.153412,14.047901,25.01655631,0.606371635,15.62398811,105.9011485,,,,,,,,,,
Yes,1,Imperceptible,1,54,588.546928,424.966099,163.5808288,0.669664019,0.256022862,28.34402483,19.55274767,18.90871236,131.822952,24.742521,27.40764697,0.645765674,18.71363823,187.3403057,,,,,,,,,,
No,0,Imperceptible,1,55,574.190808,425.830963,148.3598438,0.683679733,0.2564668,28.4146572,19.67451863,18.95466761,128.887005,24.919092,27.72856166,0.650845208,19.01131481,182.7706107,,,,,,,,,,
No,0,Imperceptible,1,55,366.175148,257.098265,109.0768823,0.680226058,0.243939233,26.32097941,18.46866613,17.80323407,82.415187,15.699875,25.83964971,0.620235506,16.82448517,116.5571697,,,,,,,,,,
No,1,Noticeable,1,55,629.703065,459.187991,170.5150715,0.388369024,0.232615846,25.43385815,16.94050704,16.21722887,166.413571,32.172771,24.46185169,0.596854324,17.43181068,200.4407109,,,,,,,,,,
Yes,1,Noticeable,1,55,911.588743,672.996771,238.5919674,0.375274595,0.247960467,27.07209947,17.70920053,17.02096681,240.253272,48.325676,25.51910914,0.614873589,18.78856585,290.167709,,,,,,,,,,
Yes,1,Intolerable,1,56,841.860177,632.863818,208.9963551,0.404646847,0.246563773,27.10727146,17.89813717,17.14470982,218.392923,39.160488,25.85889897,0.62055598,18.92896602,267.9724171,,,,,,,,,,
Yes,1,Disturbing,1,56,527.385714,387.821972,139.5637394,0.706069497,0.255774721,28.2364314,19.60889528,18.90642643,116.827266,20.478463,27.61290952,0.649020402,18.67379842,167.8720866,,,,,,,,,,
Yes,1,Disturbing,1,56,677.914944,486.977788,190.9371516,0.386809593,0.235302728,25.7349493,17.12691648,16.45547284,174.88989,33.638308,24.52700753,0.597979379,17.59425442,215.7870287,,,,,,,,,,
Yes,1,Noticeable,1,56,404.906606,274.394947,130.511658,0.665024698,0.244817285,26.54894552,18.57144966,18.00443284,89.792634,16.450919,25.715129,0.618158228,16.83613416,128.8857757,,,,,,,,,,
Yes,1,Disturbing,1,57,1057.055198,795.331156,261.7240388,0.390641481,0.257910028,28.07411019,18.34607236,17.62318646,272.789607,52.839811,26.36933523,0.628990628,19.72011214,336.4711198,,,,,,,,,,
Yes,1,Disturbing,1,57,382.480775,256.137136,126.3436379,0.657264955,0.242788544,26.21441867,18.3763101,17.8212861,84.782222,16.164159,25.37830312,0.612503184,16.53388179,121.747412,,,,,,,,,,
Yes,1,Disturbing,1,57,626.170398,459.703927,166.4664696,0.399157881,0.233398896,25.56351136,17.1179581,16.36804745,162.250204,30.076054,24.65357841,0.600159484,17.6326139,199.3162281,,,,,,,,,,
No,1,Noticeable,1,57,518.823252,360.14069,158.6825581,0.674383803,0.252363358,27.75839858,19.29804862,18.72285221,114.359737,21.495342,26.74200366,0.6350709,18.00877775,165.1465703,,,,,,,,,,
No,0,Noticeable,1,58,439.72897,298.882243,140.846725,0.658268364,0.246241126,26.83737165,18.61139098,18.0655452,98.748934,18.835205,25.91725522,0.621526476,16.94706619,139.9700784,,,,,,,,,,
No,0,Imperceptible,1,58,833.60507,624.752093,208.8529728,0.397484421,0.245421687,26.95747187,17.73955591,16.99898298,220.440595,42.569948,25.702214,0.617942364,18.74819669,265.344735,,,,,,,,,,
No,0,Noticeable,1,58,337.317032,236.671012,100.6460195,0.691733516,0.243301647,26.09377799,18.32043348,17.64971723,75.341206,12.866002,25.7017618,0.617934805,16.50718147,107.3713461,,,,,,,,,,
No,0,Imperceptible,1,58,655.419426,464.597738,190.8216855,0.38330905,0.233660891,25.50562514,16.93660776,16.30208182,171.609766,33.880638,24.262227,0.593395656,17.27572245,208.6264829,,,,,,,,,,
No,0,Imperceptible,1,59,961.31493,728.552955,232.7619726,0.375942586,0.250940716,27.40265173,17.72635814,16.99291142,263.323081,50.782901,25.95936907,0.622225862,19.04013319,305.996046,,,,,,,,,,
No,1,Noticeable,1,59,348.129218,242.425829,105.7033867,0.685081695,0.243325685,26.14925087,18.42322775,17.76227632,77.343642,14.404491,25.66947799,0.617394861,16.65348997,110.8129718,,,,,,,,,,
No,1,Noticeable,1,59,266.617998,189.908638,76.70935796,0.689131823,0.238912778,25.12881959,17.87409795,17.10072526,58.711301,9.651394,25.09105497,0.60763926,15.9915477,84.8671446,,,,,,,,,,
No,0,Noticeable,1,59,601.01791,415.615208,185.4026989,0.377695853,0.229952231,24.98569615,16.71774514,16.12063048,154.444523,31.08384,23.72240218,0.583955245,16.84216389,191.3099425,,,,,,,,,,
No,1,Noticeable,1,60,298.605595,189.987403,108.618191,0.656964825,0.237837519,25.14498303,17.64210201,17.15870086,65.969877,11.448244,24.29205586,0.593913586,15.11263533,95.04911296,,,,,,,,,,
No,1,Noticeable,1,60,476.860034,343.544581,133.3154509,0.717328418,0.253842433,27.8660592,19.41560065,18.75148138,105.227819,18.360179,27.22951752,0.642924627,18.13837018,151.7892631,,,,,,,,,,
Yes,1,Noticeable,1,60,952.996201,704.031244,248.9649535,0.397696612,0.252449426,27.6015407,18.15448113,17.46872917,243.834181,47.572444,25.96430139,0.622307719,19.22040192,303.3481123,,,,,,,,,,
Yes,1,Noticeable,1,60,662.566314,472.063092,190.5032191,0.392715917,0.234943964,25.69258543,17.15405316,16.49944612,169.659413,32.551505,24.46588519,0.596924026,17.52883388,210.901408,,,,,,,,,,
No,1,Noticeable,1,61,549.450734,402.549789,146.9009416,0.705218372,0.256991805,28.40900547,19.77634668,19.07917156,120.856266,21.012986,27.69270867,0.650280202,18.90096197,174.8956006,,,,,,,,,,
No,1,Noticeable,1,61,628.0482,459.494061,168.5541365,0.403610537,0.233917877,25.63086072,17.19230531,16.45113339,161.989729,31.603493,24.68879,0.600764707,17.66956611,199.9139511,,,,,,,,,,
Yes,1,Noticeable,1,61,328.005323,228.85712,99.14820233,0.697869229,0.243318308,26.03361883,18.412033,17.73409105,72.367178,13.02639,25.63348712,0.616792347,16.57349987,104.407337,,,,,,,,,,
No,0,Imperceptible,1,61,860.324573,616.301453,244.0231151,0.396947912,0.246940871,27.01947368,17.83493923,17.22304337,219.854534,43.897035,25.35931176,0.612182775,18.5256753,273.8498169,,,,,,,,,,
Yes,1,Noticeable,1,62,475.716126,331.170224,144.5459001,0.388536419,0.22359218,24.09076936,16.13203128,15.48846557,126.006251,24.668509,23.21622544,0.574989501,15.88306721,151.4251459,,,,,,,,,,
Yes,1,Noticeable,1,62,465.454326,332.788178,132.6661465,0.711843526,0.252669405,27.69392588,19.28100946,18.63286539,103.273495,18.850461,27.03482424,0.639801871,17.91338868,148.1587135,,,,,,,,,,
Yes,1,Noticeable,1,62,894.940007,667.898297,227.0417073,0.409596468,0.250133934,27.46299329,18.10045394,17.38160455,232.501422,44.92872,26.03349844,0.623454913,19.11836995,284.8682518,,,,,,,,,,
No,0,Imperceptible,1,62,365.615395,244.462631,121.1527624,0.671527082,0.24310781,26.16968594,18.36089424,17.80604803,81.153195,15.13341,25.37671107,0.612476331,16.39766007,116.3789948,,,,,,,,,,
Yes,1,Noticeable,1,63,615.918723,450.864918,165.0538022,0.400917651,0.232958669,25.50485515,17.03859778,16.30296834,161.474193,30.416482,24.59932666,0.599225907,17.48391058,196.0530186,,,,,,,,,,
Yes,1,Disturbing,1,63,507.027296,367.521719,139.5055759,0.698428119,0.253878204,27.96080114,19.45040977,18.77293776,112.620003,20.333707,27.2823156,0.643768322,18.38069182,161.3918009,,,,,,,,,,
Yes,1,Disturbing,1,63,309.036688,214.594959,94.44172583,0.687560885,0.241258543,25.6814385,18.12106305,17.44799672,69.085241,12.505705,25.31196704,0.611383284,16.18071748,98.36943298,,,,,,,,,,
No,0,Noticeable,1,63,804.252465,568.407993,235.8444687,0.391180565,0.243119996,26.58603891,17.52150376,16.9413878,208.890347,42.076368,24.96251465,0.605450516,18.02984879,256.0015106,,,,,,,,,,
Yes,1,Disturbing,2A,1,70.534739,26.063429,45.00790179,1.100848073,0.265198242,23.96948341,15.9088511,15.93008309,19.394876,8.512068,22.10633202,0.554959634,6.995352111,22.45190474,,,,,,,,,,
Yes,1,Noticeable,2A,1,298.793409,213.014993,86.25334695,1.405714745,0.306583787,31.97630687,23.61621019,23.00191606,60.015158,20.412068,31.81251715,0.71104415,20.16163075,95.10889601,,,,,,,,,,
No,0,Noticeable,2A,1,179.518199,95.254351,84.26797759,0.897005192,0.252882795,25.4077915,18.44528807,18.20323377,45.041915,22.974907,24.18197728,0.592000305,14.09698802,57.14241749,,,,,,,,,,
No,0,Imperceptible,2A,1,163.314714,95.254351,84.26797759,0,0.169586574,0,0,0,33.20716,10.485572,0,0,0,57.14241749,,,,,,,,,,
Yes,1,Noticeable,2A,3,78.606474,30.558776,48.14095158,1.145472798,0.269768603,24.71263919,16.32275086,16.31447151,22.914787,10.350477,22.96255946,0.570455901,7.596384504,25.02121779,,,,,,,,,,
Yes,1,Noticeable,2A,3,394.615533,274.72354,119.9493928,1.217637837,0.294943085,31.52299035,23.84773309,23.18276933,83.953527,31.461735,30.89146443,0.698192858,20.31958184,125.6100254,,,,,,,,,,
Yes,1,Noticeable,2A,3,355.171036,260.999645,94.26223169,1.347731497,0.304570291,32.24083526,23.73545231,23.06135588,69.925828,21.360955,32.14279734,0.7155494,20.92081458,113.054452,,,,,,,,,,
Yes,1,Disturbing,2A,3,498.908551,279.772357,219.8940826,0.929588419,0.274622149,29.73247521,21.15675164,21.06497889,114.095033,46.344079,27.78743089,0.651771568,18.13131527,158.8075241,,,,,,,,,,
No,1,Noticeable,2A,4,351.022445,216.299721,134.724906,1.022840044,0.274501734,29.20915099,21.12793806,20.77408356,82.906585,34.3068,28.03972784,0.655722514,17.91667764,111.7339145,,,,,,,,,,
No,1,Noticeable,2A,4,332.871334,238.565165,94.30930488,1.317135792,0.300452613,31.6841602,23.36307587,22.72077176,66.491201,21.505764,31.46306359,0.706218142,20.29549622,105.9562364,,,,,,,,,,
No,0,Imperceptible,2A,4,432.178438,297.784978,134.3966278,1.207700086,0.296235742,31.81505383,23.99977417,23.37617369,92.720769,33.656224,31.0024039,0.699763216,20.50473912,137.5666694,,,,,,,,,,
No,0,Imperceptible,2A,4,162.050924,38.424177,123.7958133,0.78741074,0.241796695,23.72511436,15.99550086,16.55555984,39.422278,13.672463,21.15592149,0.537424871,7.81714804,51.58241117,,,,,,,,,,
No,0,Imperceptible,2A,5,354.99705,238.82025,116.2769301,1.201472493,0.291133502,30.90048803,23.46747811,22.86222764,75.606304,28.838962,30.17426633,0.687892537,19.60527376,112.9990706,,,,,,,,,,
Yes,1,Noticeable,2A,5,397.07245,246.40765,150.8363586,1.006756502,0.2757284,29.58236837,21.1924802,20.85954623,94.620582,39.571451,28.30570857,0.65985399,18.16824551,126.3920864,,,,,,,,,,
No,0,Imperceptible,2A,5,102.683439,38.765083,64.06016649,1.147052676,0.271326954,25.58723059,17.15537897,17.21612148,28.593775,12.605111,23.71957291,0.583905435,8.657550659,32.68515378,,,,,,,,,,
Yes,1,Disturbing,2A,5,332.871334,238.565165,94.30930488,1.317135792,0.300452613,31.6841602,23.36307587,22.72077176,66.491201,21.505764,31.46306359,0.706218142,20.29549622,105.9562364,,,,,,,,,,
No,1,Noticeable,2A,6,338.212866,208.831379,129.4939264,1.003385551,0.271963889,28.88800755,20.73268676,20.37942236,81.853449,34.277258,27.76342899,0.651394081,17.47901369,107.6564989,,,,,,,,,,
Yes,1,Disturbing,2A,6,314.358962,228.708662,85.74767443,1.343051617,0.301745009,31.68202053,23.39714935,22.72352554,62.138487,19.259913,31.63945616,0.708661766,20.35111081,100.0635654,,,,,,,,,,
No,1,Imperceptible,2A,6,88.56902,35.00502,53.68785316,1.186634535,0.274132052,25.45574197,17.07662968,17.07693079,25.041656,11.406619,23.71236465,0.583778514,8.478511021,28.19239468,,,,,,,,,,
Yes,1,Disturbing,2A,6,478.434512,292.930105,185.6102429,1.12797202,0.291631937,31.41679393,23.52742627,23.21000699,99.148032,36.814039,29.85691829,0.683252893,19.6950176,152.2904351,,,,,,,,,,
No,0,Imperceptible,2A,7,77.653422,28.084153,49.57185678,1.123823959,0.267725295,24.47262421,16.34900702,16.3884431,21.479526,9.466029,22.59464155,0.563833322,7.458816224,24.71785192,,,,,,,,,,
No,1,Noticeable,2A,7,368.660533,227.130846,141.5328251,1.014307243,0.274753778,29.33398784,21.10425588,20.76671907,87.200701,35.750037,28.11148218,0.656840492,17.95698835,117.3482923,,,,,,,,,,
Yes,1,Noticeable,2A,7,377.553737,254.358041,123.1996941,1.235854115,0.295613812,31.45175861,23.81119826,23.22945913,80.958122,30.065902,30.66633069,0.694987172,19.81203114,120.1790871,,,,,,,,,,
Yes,1,Noticeable,2A,7,421.979269,264.992279,156.9929792,1.228429319,0.297539995,31.77355325,23.2477454,22.90405706,81.653151,24.465788,30.48382303,0.692369861,19.75892954,134.3201731,,,,,,,,,,
No,1,Noticeable,2A,8,338.614061,208.565072,130.0952275,1.017257551,0.273260889,29.01327186,20.93309291,20.57824519,79.361971,31.746101,27.87802204,0.653193796,17.67627626,107.7842032,,,,,,,,,,
No,0,Imperceptible,2A,8,90.314487,32.683228,57.71865111,1.113817759,0.267549931,24.87266524,16.61313478,16.68149366,25.272897,11.1319,22.96068214,0.57042225,7.902097531,28.74799408,,,,,,,,,,
Yes,1,Disturbing,2A,8,336.335617,241.520403,94.87309241,1.331669913,0.301990199,31.85138619,23.4845991,22.84530611,66.101325,20.658059,31.6316789,0.708554352,20.43539411,107.058952,,,,,,,,,,
Yes,1,Noticeable,2A,8,482.078786,295.394779,186.7846168,1.133899977,0.292390043,31.5017253,23.65383988,23.33278928,99.257115,36.967511,29.93551785,0.6844067,19.85358881,153.4504435,,,,,,,,,,
Yes,1,Noticeable,2A,9,144.605261,30.533595,114.516212,0.734599659,0.235924578,22.8183312,15.38160574,16.01531306,33.830149,11.071447,20.17540416,0.518992459,7.122309732,46.02928417,,,,,,,,,,
Yes,1,Disturbing,2A,9,427.570976,227.823897,200.1945401,0.904644569,0.268144788,28.79950162,20.57937689,20.5439786,98.112047,39.259397,26.88397816,0.637369854,17.24036111,136.1000687,,,,,,,,,,
Yes,1,Disturbing,2A,9,380.351156,231.13035,149.7751504,1.187027841,0.291295769,30.94920713,22.70064774,22.39890099,74.287673,23.756257,29.61944756,0.67974823,19.01371595,121.0695332,,,,,,,,,,
Yes,1,Noticeable,2A,9,484.671758,295.293599,189.9573494,1.113219929,0.290643822,31.33859578,23.47160456,23.16967344,100.908579,39.326203,29.73294791,0.681426805,19.68386461,154.2758121,,,,,,,,,,
No,1,Imperceptible,2A,10,142.548417,28.820622,114.0265802,0.705822784,0.233162124,22.47939891,15.19576941,15.87113757,32.659987,10.50734,19.81282136,0.512094474,7.00335257,45.37457039,,,,,,,,,,
Yes,1,Disturbing,2A,10,428.260082,248.637563,179.8998768,1.084093782,0.284658676,30.50133028,22.97093725,22.74289649,89.018538,34.577144,28.86481033,0.668425001,18.87053149,136.319418,,,,,,,,,,
No,0,Noticeable,2A,10,464.509113,248.722615,215.972762,0.910877209,0.270885213,29.20521872,20.85964397,20.83301222,105.233869,42.60625,27.21565229,0.642702843,17.64240553,147.8578429,,,,,,,,,,
Yes,1,Disturbing,2A,10,415.349189,256.53357,158.956227,1.20687657,0.295172267,31.50351059,23.03787748,22.72303684,80.620238,24.951809,30.15421064,0.687600809,19.4799481,132.2097531,,,,,,,,,,
Yes,1,Disturbing,2A,11,360.515952,210.377078,150.2763072,1.157473026,0.28741831,30.43377692,22.33353019,22.09190542,70.599499,22.95021,29.0063763,0.670570704,18.44648848,114.7557916,,,,,,,,,,
Yes,1,Disturbing,2A,11,452.497699,266.978132,185.6816467,1.089817658,0.286606876,30.80169976,23.10586184,22.85701065,94.668162,37.080774,29.16245419,0.672924856,19.11271799,144.0344911,,,,,,,,,,
Yes,1,Noticeable,2A,11,171.474827,39.18554,132.6213008,0.774011719,0.241119848,23.77240291,16.03520933,16.64152625,41.293501,14.782227,21.15543286,0.53741577,7.966829914,54.58213267,,,,,,,,,,
No,0,Noticeable,2A,11,548.988091,300.790091,249.49579,0.914708823,0.276195871,29.97880038,21.23029672,21.20799116,128.00054,54.184327,27.83488759,0.65251711,18.22572934,174.7483368,,,,,,,,,,
Yes,1,Noticeable,2A,12,405.154654,225.549825,180.3993858,1.048194855,0.280006866,29.91067136,22.45024491,22.30623322,85.377739,33.4181,28.18065877,0.657915917,18.2620134,128.9647318,,,,,,,,,,
Yes,1,Disturbing,2A,12,155.930342,32.297718,124.3162625,0.693099668,0.232779661,22.64619067,15.15646651,15.82909787,37.182481,12.746652,19.96841445,0.515059761,7.009643538,49.63416941,,,,,,,,,,
Yes,1,Disturbing,2A,12,495.098759,269.113088,226.3987486,0.899960885,0.271678706,29.39161736,20.85599489,20.81878248,114.623962,47.833152,27.36647739,0.645110411,17.74034801,157.5948296,,,,,,,,,,
Yes,1,Disturbing,2A,12,458.784821,281.897741,178.4302357,1.179648362,0.295222389,31.68598337,23.07857042,22.80164105,89.93852,29.837837,30.16614756,0.687774466,19.6242236,146.0357442,,,,,,,,,,
No,1,Noticeable,2A,13,307.687813,140.544524,167.1432849,0.790197376,0.250601394,26.29320835,18.83671321,18.9794735,69.833174,26.363612,24.30522378,0.594142101,14.89963117,97.94007274,,,,,,,,,,
Yes,1,Noticeable,2A,13,130.050483,21.389828,108.6627101,0.535478674,0.216790906,20.3549337,13.48466452,14.30086407,30.367407,9.834046,17.58612388,0.468891009,5.29989905,41.39635444,,,,,,,,,,
No,0,Noticeable,2A,13,449.569783,251.712726,197.859676,1.043538863,0.282186614,30.30724476,22.72987928,22.59184007,95.020602,39.158206,28.49458722,0.662766732,18.66967624,143.1025065,,,,,,,,,,
Yes,1,Noticeable,2A,13,349.687688,189.921723,159.7692573,1.079467586,0.279621792,29.56453404,21.7289908,21.60505512,69.180113,23.149712,27.9198716,0.653849457,17.75077043,111.3090482,,,,,,,,,,
Yes,1,Disturbing,2A,15,363.627127,213.098255,150.5306898,1.157151412,0.287571412,30.47026822,22.35219727,22.10278226,71.404293,22.913625,29.05356214,0.67128369,18.45764635,115.7461094,,,,,,,,,,
Yes,1,Noticeable,2A,15,442.866706,237.451324,205.8036417,0.903063145,0.268897472,28.93694602,20.6398157,20.60104946,101.781147,40.412227,27.00187807,0.639271629,17.35818336,140.9688508,,,,,,,,,,
Yes,1,Noticeable,2A,15,466.00988,256.907663,209.1052775,1.030676065,0.281970843,30.32642944,22.73929511,22.64415833,98.966636,42.703425,28.42256639,0.661658153,18.70640635,148.3355519,,,,,,,,,,
Yes,1,Imperceptible,2A,15,166.57426,38.530828,128.7117833,0.778892861,0.241280274,23.7274337,16.00116797,16.59576939,40.177939,14.023091,21.11790494,0.536716501,7.918520362,53.02223374,,,,,,,,,,
No,1,Noticeable,2A,16,144.287924,30.735677,113.6188938,0.729553688,0.23544273,22.76346316,15.34186346,15.96392816,33.430364,10.745736,20.13891145,0.518300132,7.139349109,45.92827267,,,,,,,,,,
Yes,1,Disturbing,2A,16,307.406683,217.190982,90.27944784,1.2959202,0.297010247,31.16302866,22.98558933,22.36045681,61.227784,20.137398,30.9191845,0.698585814,19.7414355,97.85058628,,,,,,,,,,
No,0,Imperceptible,2A,16,461.976371,272.773843,189.2666195,1.087178083,0.286920961,30.86752685,23.17295604,22.92518253,96.194952,37.413671,29.20771257,0.673605237,19.22494804,147.0516461,,,,,,,,,,
Yes,1,Disturbing,2A,16,471.365064,257.759129,213.674501,0.914885139,0.271655585,29.3277157,20.89314094,20.83053065,107.763124,43.42622,27.38454294,0.645398047,17.7321223,150.0401599,,,,,,,,,,
No,1,Noticeable,2A,17,404.180888,233.379638,170.910089,1.060922472,0.281118101,30.05236065,22.60927393,22.37745276,83.958979,31.403136,28.46443357,0.662302903,18.45854049,128.6547725,,,,,,,,,,
No,0,Imperceptible,2A,17,430.976743,230.968163,200.1695544,0.893129493,0.267287622,28.73303259,20.4488678,20.40304465,99.341883,39.488619,26.83053052,0.636505524,17.12656837,137.184158,,,,,,,,,,
Yes,1,Noticeable,2A,17,393.604585,240.931755,152.7851441,1.181255233,0.29154382,31.04959244,22.71453073,22.40377646,76.542582,24.23174,29.72343806,0.681286408,19.08483107,125.2882307,,,,,,,,,,
No,0,Imperceptible,2A,17,155.112571,35.950694,119.4898793,0.795624208,0.24214341,23.65521974,15.94426191,16.50627987,36.808247,12.468815,21.07298715,0.535878867,7.705705784,49.37386482,,,,,,,,,,
Yes,1,Disturbing,2A,18,347.435874,202.041611,145.4316605,1.17062662,0.28785801,30.39403376,22.35410219,22.11006987,67.354549,21.089747,28.99309561,0.670369831,18.40294207,110.5922735,,,,,,,,,,
No,1,Noticeable,2A,18,150.559405,33.00986,117.5883541,0.765743373,0.239133079,23.25950829,15.69373488,16.29345265,35.179778,11.633541,20.64861409,0.527929698,7.451503449,47.92454707,,,,,,,,,,
No,0,Imperceptible,2A,18,447.758078,240.296445,207.5349375,0.913036412,0.270100142,29.07456326,20.75054491,20.71036205,102.527649,41.494407,27.13517475,0.641413712,17.47634471,142.5258228,,,,,,,,,,
No,0,Noticeable,2A,18,483.678453,296.690218,187.0614853,1.133700471,0.292465628,31.51567015,23.60525817,23.28587612,100.281965,37.581613,29.95017229,0.684621481,19.77964773,153.9596333,,,,,,,,,,
No,1,Noticeable,2A,19,322.654527,181.410969,141.3499632,1.1375764,0.283369334,29.78238269,21.95676946,21.7550763,62.985831,19.748466,28.32688535,0.660181436,17.88440731,102.7041258,,,,,,,,,,
No,1,Noticeable,2A,19,403.163629,233.458827,169.8496681,1.076014854,0.282443869,30.17713434,22.75163827,22.51239043,84.119095,31.777442,28.60170069,0.664410746,18.63311619,128.3309689,,,,,,,,,,
No,1,Noticeable,2A,19,416.221792,221.649298,194.7255799,0.910528895,0.268018772,28.74230478,20.56308918,20.51994159,95.312788,38.372879,26.85914882,0.636968496,17.18731693,132.4875112,,,,,,,,,,
No,0,Noticeable,2A,19,148.719511,34.109371,114.7481963,0.788805609,0.24114219,23.45099623,15.83435527,16.39620116,35.155131,11.720319,20.87517041,0.532181357,7.599855796,47.33889062,,,,,,,,,,
Yes,1,Noticeable,2A,20,409.056595,234.255134,174.9191872,1.072190288,0.282438691,30.19135288,22.73455646,22.52407153,85.015117,31.81245,28.56038365,0.663777268,18.58942974,130.2067582,,,,,,,,,,
No,0,Imperceptible,2A,20,146.616609,31.777634,114.9811465,0.759342638,0.238314049,23.1093546,15.55032551,16.14930314,34.380494,11.253405,20.49220546,0.524984087,7.243970508,46.66951612,,,,,,,,,,
Yes,1,Noticeable,2A,20,384.109817,231.823758,152.4509667,1.184182242,0.291255176,30.95787135,22.71120444,22.42056395,74.892456,24.046903,29.59746023,0.679422314,19.02235006,122.2659521,,,,,,,,,,
Yes,1,Noticeable,2A,20,444.160279,238.354256,206.0476016,0.91824996,0.270367555,29.08852392,20.76880315,20.72815297,102.191131,41.601921,27.15522201,0.641735131,17.46888494,141.3806079,,,,,,,,,,
Yes,1,Disturbing,2A,21,365.392115,182.764267,182.9799075,0.847632055,0.25926114,27.57629937,19.62054605,19.65712803,85.345662,33.537838,25.64921836,0.617055774,15.95984434,116.3079225,,,,,,,,,,
Yes,1,Disturbing,2A,21,414.889115,239.309175,175.9892154,1.077140522,0.283235491,30.30122341,22.79248289,22.57308806,86.630252,33.217312,28.67442165,0.665523666,18.70114636,132.063307,,,,,,,,,,
No,0,Noticeable,2A,21,149.020907,31.21351,118.2406787,0.696193493,0.23265809,22.5331259,14.95382582,15.58196738,36.033844,12.030275,19.87905444,0.513357686,6.736165101,47.43482795,,,,,,,,,,
Yes,1,Disturbing,2A,21,378.145687,229.088647,149.4833208,1.188687851,0.291318697,30.93611477,22.71123008,22.41233166,73.284013,22.113981,29.60264251,0.679499152,19.01473386,120.3675106,,,,,,,,,,
Yes,1,Noticeable,2A,22,380.296301,192.7219,187.8682384,0.872470707,0.262416204,27.97798412,20.01724124,20.04123495,87.558317,35.051605,26.0479018,0.623693419,16.45338782,121.0520723,,,,,,,,,,
Yes,1,Disturbing,2A,22,427.352728,245.96587,181.6988487,1.069504722,0.283266139,30.35511103,22.79978458,22.59166415,89.768119,35.308773,28.68907292,0.665747573,18.78537347,136.0305982,,,,,,,,,,
Yes,1,Noticeable,2A,22,379.771655,228.235741,151.9040464,1.174880269,0.290146605,30.82677611,22.63500624,22.34971976,74.255541,23.949853,29.45646495,0.677326642,18.95393455,120.8850723,,,,,,,,,,
No,0,Imperceptible,2A,22,148.182353,32.397588,116.3700493,0.746097797,0.237190082,23.01680707,15.46797609,16.0761975,35.086799,11.812037,20.3907997,0.523069876,7.240957527,47.16790792,,,,,,,,,,
No,0,Noticeable,2A,23,389.708491,219.268301,170.4427571,1.059337019,0.280123027,29.860746,22.51684462,22.33007695,81.387035,30.950774,28.2231483,0.658575298,18.31960502,124.0480654,,,,,,,,,,
Yes,1,Disturbing,2A,23,337.250045,193.609833,144.2501518,1.150505733,0.285413004,30.08919569,22.17738307,21.95228344,66.46403,21.993495,28.65519878,0.665229734,18.22848046,107.3500234,,,,,,,,,,
No,1,Noticeable,2A,23,145.538698,30.348104,115.1934114,0.695202218,0.232362685,22.44605938,15.00892519,15.64360517,34.526454,11.709384,19.8062171,0.51196844,6.872595354,46.3264064,,,,,,,,,,
No,1,Noticeable,2A,23,345.724828,178.321505,168.1783609,0.878668915,0.260955854,27.67411643,19.83744109,19.81167789,78.868146,29.770399,25.87055449,0.620749945,16.18671122,110.0476307,,,,,,,,,,
Yes,1,Noticeable,2A,24,404.120131,229.13832,174.9987283,1.056586041,0.28071645,29.99374319,22.59339854,22.39934797,84.137824,32.090325,28.34330767,0.660435214,18.46813682,128.6354329,,,,,,,,,,
Yes,1,Noticeable,2A,24,380.076853,227.039475,153.0523472,1.16959558,0.289679385,30.77816608,22.5968946,22.32001983,74.216803,23.638101,29.39019269,0.676338194,18.90403297,120.9822198,,,,,,,,,,
No,1,Noticeable,2A,24,447.407955,242.438644,204.9871602,0.90971334,0.269774532,29.0519374,20.71649086,20.65802746,103.224684,41.747729,27.14270831,0.64153452,17.48594902,142.4143752,,,,,,,,,,
No,1,Noticeable,2A,24,156.764869,37.61558,119.1784171,0.820050198,0.244482706,23.929463,16.14463989,16.67375132,37.426227,12.666278,21.38233641,0.541632807,7.939367578,49.89980761,,,,,,,,,,
Yes,1,Noticeable,2B,1,153.623683,100.991831,52.63185257,1.358145162,0.293695436,28.974589,21.88704229,21.26184994,31.12992,11.41222,28.80955569,0.66758482,17.40300451,48.89993705,,,,,,,,,,
Yes,1,Noticeable,2B,1,116.170718,45.582149,71.20754645,1.07086866,0.265124964,25.34296568,17.12929946,17.195399,31.813813,14.560132,23.4928888,0.579903418,9.346124062,36.97828802,,,,,,,,,,
Yes,1,Noticeable,2B,1,332.081365,212.541522,120.3544548,1.034398431,0.274450952,29.12522378,21.72698426,21.23304781,71.953321,29.435692,28.17324017,0.657800699,19.17776016,105.7047815,,,,,,,,,,
No,1,Noticeable,2B,1,201.333074,34.293276,167.0412422,0.536596808,0.221077838,21.77351818,15.56933235,16.80859152,42.572824,14.710635,18.94425094,0.495404611,10.27662028,64.08630787,,,,,,,,,,
No,1,Noticeable,2B,2,110.176001,45.385064,64.79093768,1.091446757,0.266662144,25.36108145,16.90646424,16.90958146,31.000042,13.497427,23.65627656,0.582790173,9.146445092,35.07011034,,,,,,,,,,
No,1,Noticeable,2B,2,330.157648,228.692484,101.4651615,1.356495924,0.30390658,31.94274654,23.68387352,23.10751573,65.511746,22.121504,31.48586662,0.706534914,20.37721765,105.0924434,,,,,,,,,,
No,1,Noticeable,2B,2,429.822927,290.489654,139.3332722,1.228787916,0.298033336,31.94618453,24.25804311,23.68082581,93.387561,35.76679,31.02113206,0.700027709,20.67788804,136.816887,,,,,,,,,,
Yes,1,Noticeable,2B,2,709.470556,467.778652,241.6933702,1.001243275,0.293560054,32.19018114,23.20333007,22.80939043,151.186874,59.897465,30.38956907,0.691011669,21.71571327,225.8314919,,,,,,,,,,
Yes,1,Disturbing,2B,3,329.954246,214.402729,115.5890837,1.295920313,0.298333799,31.36344919,23.23583371,22.77696919,65.899287,23.106992,30.52043868,0.692896294,19.61761162,105.0276985,,,,,,,,,,
No,1,Noticeable,2B,3,448.701611,289.438228,159.3150039,1.183758404,0.295007806,31.68735177,24.03351977,23.57245381,97.568429,39.311258,30.45065327,0.691892393,20.32219789,142.8261587,,,,,,,,,,
No,1,Noticeable,2B,3,125.002702,55.380098,69.75271326,1.119590392,0.270116057,26.05012605,17.5101955,17.47515189,35.073807,15.265806,24.46450903,0.596900246,10.16714855,39.78959585,,,,,,,,,,
No,0,Imperceptible,2B,3,739.369838,491.632164,247.8415075,1.020800383,0.297110485,32.57291225,23.51630983,23.10788669,155.654382,59.967039,30.74384803,0.696093802,22.11478002,235.348729,,,,,,,,,,
No,0,Imperceptible,2B,4,527.732892,359.705967,168.2537181,1.050823036,0.287443475,31.3221798,22.91516777,22.38057361,113.962328,43.016143,30.16321534,0.687731815,21.15651444,167.9825968,,,,,,,,,,
No,0,Imperceptible,2B,4,122.687875,51.177838,71.62870083,1.092164272,0.267462458,25.72916907,17.26389484,17.27756063,34.396786,15.106061,24.01279077,0.589049303,9.708770012,39.05276353,,,,,,,,,,
Yes,0,Imperceptible,2B,4,454.059481,301.191901,153.0513785,1.196059062,0.296451513,31.87977776,24.17993557,23.65390311,98.823327,39.792251,30.7723285,0.696499632,20.57496502,144.5316217,,,,,,,,,,
No,0,Imperceptible,2B,4,440.93115,263.985234,177.8417689,1.226862118,0.298508601,31.88844442,23.3998836,23.15964607,87.498239,31.357261,30.32269992,0.6900454,19.80939361,140.3527442,,,,,,,,,,
No,1,Noticeable,2B,5,428.690443,240.218732,188.5546402,1.075068265,0.283855396,30.38631222,23.0301582,22.8765559,91.177694,38.052387,28.62932339,0.664833791,18.90858001,136.4564061,,,,,,,,,,
Yes,1,Disturbing,2B,5,644.706466,450.524741,194.4356087,1.063366349,0.2954613,32.38623582,23.56208227,23.00265228,137.725478,51.03127,31.07145731,0.700737569,22.21228793,205.2164418,,,,,,,,,,
Yes,1,Imperceptible,2B,5,383.921598,259.563038,125.4288524,1.321662526,0.303864818,32.25088158,23.76496803,23.2709468,77.266765,27.381838,31.43737089,0.705860917,20.46645069,122.2060402,,,,,,,,,,
Yes,1,Noticeable,2B,5,122.504711,51.068791,71.55444727,1.092924186,0.267521467,25.73057936,17.26343585,17.2773689,34.344481,15.046752,24.01330122,0.589058225,9.699318936,38.99446062,,,,,,,,,,
No,0,Imperceptible,2B,6,533.11344,364.157524,169.0783794,1.02605024,0.285485171,31.15263248,22.63959618,22.11081002,117.015693,42.710832,29.99398071,0.685262913,20.89121997,169.6952784,,,,,,,,,,
No,0,Imperceptible,2B,6,112.011932,46.999286,65.23664654,1.064248063,0.264273073,25.18386249,16.63194351,16.62684635,32.433009,13.971255,23.50238881,0.580071577,8.94924724,35.65450533,,,,,,,,,,
Yes,1,Noticeable,2B,6,346.502169,237.809452,108.8749036,1.346101167,0.303911764,32.04496449,23.73202729,23.18183271,69.562501,24.415504,31.46787529,0.706285006,20.44456607,110.295066,,,,,,,,,,
Yes,1,Noticeable,2B,6,497.307062,294.861289,202.6351512,1.119026546,0.291918561,31.46480103,23.64406458,23.40733041,106.069075,43.82812,29.72598811,0.68132406,19.88319556,158.2977543,,,,,,,,,,
No,1,Noticeable,2B,7,290.944467,191.839941,99.10452477,1.318142297,0.298083903,31.05862841,23.09672024,22.58764654,58.733981,21.109917,30.42455543,0.691516337,19.39487097,92.61050018,,,,,,,,,,
Yes,1,Noticeable,2B,7,655.989329,417.014466,238.9748585,1.001267512,0.290422931,31.766296,23.03201683,22.7061028,138.030869,55.255352,29.91988212,0.68417742,21.272639,208.8078887,,,,,,,,,,
Yes,1,Noticeable,2B,7,432.209604,288.673156,143.5364467,1.191493736,0.294749829,31.63697005,24.01862741,23.46376577,93.455017,36.159271,30.63589048,0.69455179,20.39507556,137.5765899,,,,,,,,,,
No,0,Imperceptible,2B,7,182.44896,54.578311,127.8706467,0.81951445,0.24594118,24.49095328,16.41581785,16.81266158,44.921677,16.588958,22.11845359,0.555181049,9.107121089,58.07530769,,,,,,,,,,
No,1,Noticeable,2B,8,528.392202,358.820465,169.5927281,1.070052243,0.289247418,31.49086898,23.10024065,22.57178459,112.389836,42.881209,30.31228241,0.689894664,21.29499853,168.1924617,,,,,,,,,,
Yes,1,Noticeable,2B,8,332.789892,222.323167,110.5453955,1.324247913,0.301100725,31.66591474,23.47437213,22.96604741,66.940623,24.312292,30.96933726,0.699295798,20.00399701,105.9303126,,,,,,,,,,
Yes,1,Noticeable,2B,8,184.08266,57.16441,127.0824666,0.895533591,0.253015636,25.24044728,17.3178795,17.70504003,43.317603,15.887653,22.90423743,0.569409786,10.06139268,58.59533055,,,,,,,,,,
No,0,Noticeable,2B,8,509.429404,304.422847,205.1622546,1.107440422,0.291566537,31.47871568,23.66088336,23.40960135,107.906931,44.683053,29.73897199,0.681515717,19.92165222,162.1564156,,,,,,,,,,
Yes,1,Noticeable,2B,9,357.865927,195.340073,162.6497909,1.154970285,0.287033002,30.31561865,22.36773033,22.24344261,71.204181,25.951153,28.66201442,0.665333971,18.32880847,113.9122625,,,,,,,,,,
Yes,1,Noticeable,2B,9,667.573248,415.395236,252.3744125,0.977046207,0.288879391,31.59715574,22.86973213,22.59868954,141.447321,57.175515,29.62815451,0.679877225,21.08330078,212.4951646,,,,,,,,,,
No,0,Imperceptible,2B,9,189.183157,51.073483,138.767071,0.766237503,0.241445654,24.07032826,16.22336544,16.74480017,45.898471,17.028479,21.56165965,0.544952132,8.915595657,60.21886917,,,,,,,,,,
Yes,1,Noticeable,2B,9,489.406385,289.449405,200.9010173,1.093495647,0.289111055,31.17105738,23.49897187,23.26498979,103.652091,42.658108,29.43020205,0.676935193,19.67663037,155.7828907,,,,,,,,,,
No,1,Imperceptible,2B,10,323.621117,165.196916,158.6089166,1.113167998,0.281185382,29.49666798,21.72720312,21.6975575,64.87104,24.879277,27.73497931,0.650946278,17.31968665,103.0118009,,,,,,,,,,
No,1,Noticeable,2B,10,435.079404,238.22639,196.9592647,1.045485354,0.281514716,30.16243197,22.77075476,22.67336576,93.954122,41.107447,28.31469145,0.659992914,18.42711052,138.4900756,,,,,,,,,,
No,1,Noticeable,2B,10,663.684705,404.953917,258.8312087,0.974139602,0.288384308,31.51363643,22.73330714,22.5110528,141.847739,59.79304,29.47642519,0.67762392,20.74895083,211.2574029,,,,,,,,,,
No,1,Noticeable,2B,10,185.036983,53.62213,131.5334952,0.789764187,0.243362023,24.24525669,16.23323615,16.66686465,45.279219,16.911733,21.82956571,0.549888662,8.936824834,58.899101,,,,,,,,,,
No,0,Imperceptible,2B,11,164.369414,47.080189,117.2952254,0.845582457,0.247272954,24.37273285,16.47021028,16.88153245,41.272603,16.068172,21.98488945,0.552738181,8.891237415,52.32040946,,,,,,,,,,
No,0,Imperceptible,2B,11,489.482913,286.701337,202.789092,1.109512457,0.290585891,31.29856477,23.66837676,23.44926097,104.975113,44.828936,29.53786835,0.678537781,19.80288392,155.8072503,,,,,,,,,,
No,0,Imperceptible,2B,11,442.630475,260.269991,182.3999968,1.230450478,0.298937763,31.91364334,23.48256067,23.26921515,88.478468,34.258926,30.29027155,0.689576001,19.88494658,140.8936561,,,,,,,,,,
No,1,Noticeable,2B,11,831.087854,535.542929,295.7667743,1.010818068,0.301577956,32.9885364,23.71790726,23.41273286,177.642224,72.928198,30.80101107,0.696907932,22.32983423,264.5434802,,,,,,,,,,
Yes,1,Noticeable,2B,12,399.961861,212.302722,187.8980866,1.017355629,0.276871008,29.5357214,22.33963568,22.28530069,86.183228,36.679356,27.68341347,0.650133617,18.10054842,127.3118145,,,,,,,,,,
Yes,1,Disturbing,2B,12,387.951945,213.302256,174.9411209,1.147539618,0.288116916,30.58426975,22.48367613,22.36702362,77.472013,28.732043,28.86940832,0.668494848,18.5472491,123.4889395,,,,,,,,,,
No,0,Noticeable,2B,12,755.356819,478.007097,277.3846612,0.977284914,0.2940542,32.20258373,23.16416294,22.8816441,160.968536,65.184902,30.1046445,0.686878963,21.59980957,240.4375431,,,,,,,,,,
No,0,Imperceptible,2B,12,206.104743,57.12044,149.105906,0.754092943,0.241324081,24.24961201,16.23241615,16.73759503,50.897516,19.586315,21.75100351,0.548443867,9.108588834,65.60517729,,,,,,,,,,
Yes,1,Noticeable,2B,13,458.362542,258.03121,200.9409988,0.888519628,0.268471983,29.00323783,21.20635054,21.0687061,98.067016,38.937971,27.17510475,0.642053722,18.7781119,145.9013286,,,,,,,,,,
Yes,1,Noticeable,2B,13,311.842959,158.854701,154.0358244,1.081416937,0.277579257,29.07523969,21.52461771,21.49758838,62.86067,22.967654,27.31967527,0.644364503,17.31499297,99.26269679,,,,,,,,,,
Yes,1,Disturbing,2B,13,502.670332,285.974544,217.7914333,1.070733103,0.287800047,31.03802576,23.43616009,23.29805643,107.270998,46.126806,29.12493672,0.672360075,19.5426313,160.0049362,,,,,,,,,,
Yes,1,Disturbing,2B,13,170.5193,39.210669,132.5077869,0.661337011,0.230720221,22.63958104,15.33961102,16.02505334,39.934524,14.125678,20.00600947,0.515775082,8.036871206,54.27797898,,,,,,,,,,
Yes,1,Noticeable,2B,15,199.688143,46.812948,153.1399586,0.677750134,0.233939156,23.3325949,15.54128058,16.18459634,49.258286,19.292716,20.69623372,0.528824835,8.178484874,63.56271007,,,,,,,,,,
No,1,Noticeable,2B,15,688.937582,431.774787,257.7723283,0.965686297,0.289090638,31.65224572,22.82187684,22.54498604,147.311573,60.63998,29.65754586,0.680312387,21.10163174,219.2956433,,,,,,,,,,
No,1,Noticeable,2B,15,519.87408,300.518498,220.903324,1.072166301,0.288941475,31.21597704,23.40759113,23.24840254,112.182336,48.93611,29.30681249,0.675091482,19.60416834,165.4810592,,,,,,,,,,
No,1,Imperceptible,2B,15,667.573248,415.395236,252.3744125,0,0.19918655,0,0,0,141.447321,57.175515,0,0,0,212.4951646,,,,,,,,,,
Yes,1,Disturbing,2B,17,444.504585,249.051479,195.5488571,1.05466182,0.282910374,30.35838409,22.9483462,22.80505889,95.096245,38.846797,28.55949758,0.663763674,18.87089035,141.4902039,,,,,,,,,,
No,1,Imperceptible,2B,17,663.978889,416.835754,247.2887465,0.97917366,0.288863703,31.60532004,22.86497514,22.572212,140.087772,55.019039,29.68282618,0.680686337,21.09640381,211.3510446,,,,,,,,,,
No,0,Imperceptible,2B,17,186.149201,54.147872,132.2837555,0.804963815,0.244822636,24.41133517,16.41484085,16.85173855,45.687193,16.944857,21.99340621,0.552894158,9.116915086,59.25313098,,,,,,,,,,
No,0,Noticeable,2B,17,420.410171,250.13988,170.5174484,1.207465051,0.295523369,31.51565089,23.13485604,22.89077811,82.724898,29.576599,29.99398708,0.685263006,19.49091824,133.8207137,,,,,,,,,,
No,1,Noticeable,2B,18,169.899891,43.121745,126.8303896,0.743354351,0.238213053,23.47273103,15.74411471,16.27432266,40.450336,13.86981,20.95355082,0.533648078,8.191513577,54.08081497,,,,,,,,,,
Yes,1,Disturbing,2B,18,377.998148,212.472174,165.5822096,1.173272785,0.289894933,30.72281163,22.62484189,22.4602437,75.004215,27.417636,29.11271548,0.672175948,18.70252554,120.3205475,,,,,,,,,,
Yes,1,Disturbing,2B,18,679.652065,426.730732,253.1031702,0.941489275,0.286324292,31.374551,22.51944697,22.23606296,147.193137,59.008841,29.41507404,0.676709554,20.79212407,216.3399715,,,,,,,,,,
Yes,1,Disturbing,2B,18,518.321536,308.973893,209.4969049,1.093519124,0.29081053,31.42965348,23.59059704,23.34923303,110.010598,45.410281,29.65778969,0.680315995,19.83913156,164.9868691,,,,,,,,,,
No,1,Imperceptible,2B,19,157.184911,37.948445,119.3111122,0.67556594,0.231243708,22.53024386,14.81789259,15.35436131,38.7966,13.459862,19.9863974,0.51540198,7.162235996,50.03351113,,,,,,,,,,
No,0,Imperceptible,2B,19,432.459793,240.029105,192.5163754,1.054490197,0.28218759,30.23173904,22.85624913,22.72651632,92.813721,38.287633,28.43381223,0.661831423,18.73755564,137.6562275,,,,,,,,,,
Yes,1,Noticeable,2B,19,651.709503,405.945607,245.8999789,0.977011113,0.287944968,31.4880934,22.82126985,22.54113142,138.064631,56.911185,29.56188003,0.678894403,21.01810378,207.4455777,,,,,,,,,,
No,1,Imperceptible,2B,19,406.462074,237.863228,168.7050396,1.197290758,0.293770615,31.26948956,22.99025727,22.76797842,80.092948,28.313529,29.72505752,0.68131032,19.27691793,129.3808965,,,,,,,,,,
No,0,Noticeable,2B,20,402.571825,223.123864,179.5610537,1.050365702,0.280054538,29.89877303,22.69471897,22.54773465,85.862976,35.564461,28.17436045,0.6578181,18.45455838,128.1425918,,,,,,,,,,
No,1,Noticeable,2B,20,374.347562,210.235793,164.277579,1.169632967,0.289346508,30.65133237,22.58304215,22.41831037,73.980927,26.885049,29.04592477,0.671168363,18.66238722,119.1585299,,,,,,,,,,
No,1,Noticeable,2B,20,180.59942,50.173794,130.7211152,0.794359909,0.243523426,24.19401731,16.28706351,16.75764973,43.659848,15.618991,21.73722208,0.548190177,8.855112397,57.48658083,,,,,,,,,,
Yes,1,Disturbing,2B,20,675.493516,431.000127,244.8674417,0.991851435,0.290703431,31.8236736,23.03512782,22.70813594,142.04602,56.630472,29.94183593,0.684499313,21.34766085,215.0162642,,,,,,,,,,
Yes,1,Disturbing,2B,21,561.335005,335.527008,226.2974619,0.955748561,0.280688083,30.56502129,22.24521953,22.02768026,118.743394,48.285367,28.68991601,0.665760455,20.10704936,178.6784816,,,,,,,,,,
Yes,1,Disturbing,2B,21,438.41284,242.351196,196.5210209,1.039175526,0.281131147,30.14934676,22.79972937,22.6849612,93.748526,39.301161,28.31650461,0.660020951,18.68997497,139.5511412,,,,,,,,,,
Yes,1,Disturbing,2B,21,377.527419,211.647756,166.466322,1.16016208,0.288663738,30.60246924,22.53822029,22.38176331,74.712929,26.3755,28.97356461,0.670074263,18.64029202,120.1707098,,,,,,,,,,
No,0,Imperceptible,2B,21,177.787824,48.923965,129.505195,0.799398234,0.243820903,24.18665098,16.45943328,16.95811035,41.874921,15.034709,21.71571116,0.547794059,9.068577045,56.59162202,,,,,,,,,,
Yes,1,Disturbing,2B,22,584.393575,350.457679,234.1486132,0.954675811,0.281943142,30.73859076,22.32044529,22.10410278,125.041745,51.738181,28.82331897,0.667794241,20.23131228,186.0182523,,,,,,,,,,
No,1,Noticeable,2B,22,459.239728,258.896765,200.6786207,1.032510367,0.281741824,30.30749113,22.89313142,22.74483855,98.757041,42.306919,28.48657539,0.662643536,18.959471,146.1805456,,,,,,,,,,
No,1,Imperceptible,2B,22,179.900471,48.139513,132.194019,0.74554545,0.23900123,23.69894279,15.86515579,16.37246955,43.947678,15.954598,21.20261699,0.538294241,8.4822059,57.26409845,,,,,,,,,,
Yes,1,Disturbing,2B,22,382.94042,219.99638,163.4917849,1.174727442,0.290318582,30.81104876,22.67839045,22.48011874,75.996611,27.096127,29.25372757,0.67429595,18.85347268,121.8937215,,,,,,,,,,
No,0,Imperceptible,2B,23,407.227609,219.485745,188.2668287,1.015989102,0.27717206,29.61290353,22.45828499,22.37842274,87.367179,36.810881,27.78147236,0.651677882,18.20432692,129.6245739,,,,,,,,,,
No,0,Noticeable,2B,23,173.47649,42.387751,131.6690134,0.697859376,0.234246561,23.08144377,15.4504178,16.03736064,41.637218,14.841026,20.50926026,0.525305683,7.997525428,55.21928179,,,,,,,,,,
No,0,Noticeable,2B,23,363.847003,189.544996,174.68808,1.096992464,0.282061727,29.83527537,21.98087882,21.94576185,73.336683,27.178723,28.02025784,0.655418725,17.92763968,115.8160981,,,,,,,,,,
Yes,1,Disturbing,2B,23,634.296944,384.163097,251.077483,0.950993443,0.284534429,31.08816021,22.56238692,22.34407256,134.680819,56.070441,29.08001908,0.671682976,20.68716428,201.9029881,,,,,,,,,,
Yes,1,Noticeable,2B,24,418.003033,231.802145,186.2008865,1.050111708,0.280937033,30.05168921,22.77210345,22.63375206,89.918943,36.154123,28.29036041,0.659616531,18.59424397,133.0544979,,,,,,,,,,
No,1,Noticeable,2B,24,181.449675,51.720756,129.7289176,0.810609543,0.245065052,24.3722871,16.3956319,16.83676046,43.730709,15.301716,21.94852684,0.552071917,8.993495067,57.7572254,,,,,,,,,,
No,0,Imperceptible,2B,24,696.241524,443.063601,253.1779203,0.98494432,0.291287266,31.89826722,23.01482584,22.70131076,147.996672,59.42485,29.96085122,0.684777927,21.34301883,221.6205603,,,,,,,,,,
Yes,1,Disturbing,2B,24,427.449751,258.511184,168.9385638,1.222166825,0.297286215,31.7296557,23.27958264,23.0072159,83.99921,29.054427,30.25944908,0.689129362,19.69837598,136.0614816,,,,,,,,,,
